Position,Name + ID,Name,ID,Roster Position,Salary,Game Info,TeamAbbrev,AvgPointsPerGame
RP,Corbin Burnes (17446492),Corbin Burnes,17446492,P,12000,MIL@MIA 05/07/2021 07:10PM ET,MIL,30.12
SP,Jacob deGrom (17446092),Jacob deGrom,17446092,P,11900,ARI@NYM 05/07/2021 07:10PM ET,NYM,38.75
SP,Gerrit Cole (17445938),Gerrit Cole,17445938,P,11600,WAS@NYY 05/07/2021 07:05PM ET,NYY,30.39
SP,Max Scherzer (17445883),Max Scherzer,17445883,P,11400,WAS@NYY 05/07/2021 07:05PM ET,WAS,24.88
SP,Aaron Nola (17446200),Aaron Nola,17446200,P,11200,PHI@ATL 05/07/2021 07:20PM ET,PHI,22.52
SP,Shane Bieber (17446496),Shane Bieber,17446496,P,11200,CIN@CLE 05/07/2021 07:10PM ET,CLE,30.05
SP,Luis Severino (17446249),Luis Severino,17446249,P,10400,WAS@NYY 05/07/2021 07:05PM ET,NYY,0
SP,Corey Kluber (17445926),Corey Kluber,17445926,P,10300,WAS@NYY 05/07/2021 07:05PM ET,NYY,14.49
SP,Freddy Peralta (17446328),Freddy Peralta,17446328,P,10000,MIL@MIA 05/07/2021 07:10PM ET,MIL,20.54
SP,Jordan Montgomery (17446424),Jordan Montgomery,17446424,P,9900,WAS@NYY 05/07/2021 07:05PM ET,NYY,13.02
SP,Zack Wheeler (17445992),Zack Wheeler,17445992,P,9800,PHI@ATL 05/07/2021 07:20PM ET,PHI,23.35
SP,Brandon Woodruff (17446183),Brandon Woodruff,17446183,P,9700,MIL@MIA 05/07/2021 07:10PM ET,MIL,23.91
SP,Domingo German (17446095),Domingo German,17446095,P,9500,WAS@NYY 05/07/2021 07:05PM ET,NYY,14.33
RP,Adrian Houser (17446173),Adrian Houser,17446173,P,9200,MIL@MIA 05/07/2021 07:10PM ET,MIL,11.83
SP,Noah Syndergaard (17446080),Noah Syndergaard,17446080,P,9100,ARI@NYM 05/07/2021 07:10PM ET,NYM,0
SP,Aaron Civale (17446510),Aaron Civale,17446510,P,9100,CIN@CLE 05/07/2021 07:10PM ET,CLE,17.78
SP,J.A. Happ (17445871),J.A. Happ,17445871,P,9100,MIN@DET 05/07/2021 07:10PM ET,MIN,15.35
SP,Sandy Alcantara (17446403),Sandy Alcantara,17446403,P,9000,MIL@MIA 05/07/2021 07:10PM ET,MIA,18.34
SP,Taylor Widener (17446622),Taylor Widener,17446622,P,9000,ARI@NYM 05/07/2021 07:10PM ET,ARI,15.16
SP,Eduardo Rodriguez (17446096),Eduardo Rodriguez,17446096,P,9000,BOS@BAL 05/07/2021 07:05PM ET,BOS,19.52
SP,Nick Pivetta (17446356),Nick Pivetta,17446356,P,9000,BOS@BAL 05/07/2021 07:05PM ET,BOS,17.4
SP,Brett Anderson (17445887),Brett Anderson,17445887,P,8900,MIL@MIA 05/07/2021 07:10PM ET,MIL,8.45
SP,Marcus Stroman (17446012),Marcus Stroman,17446012,P,8900,ARI@NYM 05/07/2021 07:10PM ET,NYM,18.89
SP,Zac Gallen (17446465),Zac Gallen,17446465,P,8900,ARI@NYM 05/07/2021 07:10PM ET,ARI,19.48
SP,Kenta Maeda (17445907),Kenta Maeda,17445907,P,8900,MIN@DET 05/07/2021 07:10PM ET,MIN,11.82
RP,Josh Lindblom (17445944),Josh Lindblom,17445944,P,8800,MIL@MIA 05/07/2021 07:10PM ET,MIL,-0.04
RP,Trevor Rogers (17446674),Trevor Rogers,17446674,P,8800,MIL@MIA 05/07/2021 07:10PM ET,MIA,23.01
SP,Stephen Strasburg (17445991),Stephen Strasburg,17445991,P,8800,WAS@NYY 05/07/2021 07:05PM ET,WAS,10.45
SP,Jose Berrios (17446251),Jose Berrios,17446251,P,8800,MIN@DET 05/07/2021 07:10PM ET,MIN,20.42
SP,Nathan Eovaldi (17445967),Nathan Eovaldi,17445967,P,8700,BOS@BAL 05/07/2021 07:05PM ET,BOS,15.31
RP,John Means (17446223),John Means,17446223,P,8700,BOS@BAL 05/07/2021 07:05PM ET,BAL,30.98
SP,Zach Eflin (17446252),Zach Eflin,17446252,P,8600,PHI@ATL 05/07/2021 07:20PM ET,PHI,17
SP,Huascar Ynoa (17446488),Huascar Ynoa,17446488,P,8500,PHI@ATL 05/07/2021 07:20PM ET,ATL,18.38
SP,Carlos Carrasco (17445875),Carlos Carrasco,17445875,P,8500,ARI@NYM 05/07/2021 07:10PM ET,NYM,0
SP,Kyle Wright (17446505),Kyle Wright,17446505,P,8400,PHI@ATL 05/07/2021 07:20PM ET,ATL,10.35
SP,Ian Anderson (17446598),Ian Anderson,17446598,P,8400,PHI@ATL 05/07/2021 07:20PM ET,ATL,17.71
SP,Sixto Sanchez (17446489),Sixto Sanchez,17446489,P,8400,MIL@MIA 05/07/2021 07:10PM ET,MIA,0
SP,Madison Bumgarner (17445911),Madison Bumgarner,17445911,P,8400,ARI@NYM 05/07/2021 07:10PM ET,ARI,14.69
SP,Luke Weaver (17446212),Luke Weaver,17446212,P,8400,ARI@NYM 05/07/2021 07:10PM ET,ARI,10.59
RP,Zach Plesac (17446497),Zach Plesac,17446497,P,8400,CIN@CLE 05/07/2021 07:10PM ET,CLE,11.77
SP,Chris Sale (17445929),Chris Sale,17445929,P,8300,BOS@BAL 05/07/2021 07:05PM ET,BOS,0
SP,Jameson Taillon (17446075),Jameson Taillon,17446075,P,8300,WAS@NYY 05/07/2021 07:05PM ET,NYY,13.77
SP,Tyler Mahle (17446358),Tyler Mahle,17446358,P,8300,CIN@CLE 05/07/2021 07:10PM ET,CIN,18.57
SP,Chase Anderson (17446005),Chase Anderson,17446005,P,8200,PHI@ATL 05/07/2021 07:20PM ET,PHI,7.98
SP,Eric Lauer (17446361),Eric Lauer,17446361,P,8200,MIL@MIA 05/07/2021 07:10PM ET,MIL,18.18
RP,Jose De Leon (17446369),Jose De Leon,17446369,P,8100,CIN@CLE 05/07/2021 07:10PM ET,CIN,5.81
SP,Garrett Richards (17445994),Garrett Richards,17445994,P,8000,BOS@BAL 05/07/2021 07:05PM ET,BOS,12.02
SP,Merrill Kelly (17446130),Merrill Kelly,17446130,P,7900,ARI@NYM 05/07/2021 07:10PM ET,ARI,9.68
SP,David Peterson (17446445),David Peterson,17446445,P,7900,ARI@NYM 05/07/2021 07:10PM ET,NYM,14.55
SP,Michael Pineda (17445936),Michael Pineda,17445936,P,7800,MIN@DET 05/07/2021 07:10PM ET,MIN,18.3
SP,Charlie Morton (17445861),Charlie Morton,17445861,P,7700,PHI@ATL 05/07/2021 07:20PM ET,ATL,16.22
SP,Drew Smyly (17446085),Drew Smyly,17446085,P,7600,PHI@ATL 05/07/2021 07:20PM ET,ATL,9.61
SP,Pablo Lopez (17446322),Pablo Lopez,17446322,P,7500,MIL@MIA 05/07/2021 07:10PM ET,MIA,15.53
SP,Sonny Gray (17445972),Sonny Gray,17445972,P,7500,CIN@CLE 05/07/2021 07:10PM ET,CIN,18.28
RP,Elieser Hernandez (17446277),Elieser Hernandez,17446277,P,7400,MIL@MIA 05/07/2021 07:10PM ET,MIA,6.05
SP,Jordan Zimmermann (17445915),Jordan Zimmermann,17445915,P,7000,MIL@MIA 05/07/2021 07:10PM ET,MIL,-6.55
SP,Zack Godley (17446037),Zack Godley,17446037,P,7000,MIL@MIA 05/07/2021 07:10PM ET,MIL,6.55
SP,Taijuan Walker (17446078),Taijuan Walker,17446078,P,7000,ARI@NYM 05/07/2021 07:10PM ET,NYM,16.41
SP,Caleb Smith (17446376),Caleb Smith,17446376,P,7000,ARI@NYM 05/07/2021 07:10PM ET,ARI,6.51
SP,Triston McKenzie (17446527),Triston McKenzie,17446527,P,7000,CIN@CLE 05/07/2021 07:10PM ET,CLE,12.74
RP,Logan Allen (17446544),Logan Allen,17446544,P,7000,CIN@CLE 05/07/2021 07:10PM ET,CLE,2.37
SP,Matt Moore (17445928),Matt Moore,17445928,P,6900,PHI@ATL 05/07/2021 07:20PM ET,PHI,3.2
SP,Vince Velasquez (17446083),Vince Velasquez,17446083,P,6900,PHI@ATL 05/07/2021 07:20PM ET,PHI,9.21
RP,Riley Smith (17446557),Riley Smith,17446557,P,6900,ARI@NYM 05/07/2021 07:10PM ET,ARI,5.18
SP,Martin Perez (17445977),Martin Perez,17445977,P,6900,BOS@BAL 05/07/2021 07:05PM ET,BOS,10.72
SP,Joe Ross (17446176),Joe Ross,17446176,P,6900,WAS@NYY 05/07/2021 07:05PM ET,WAS,12.6
SP,Erick Fedde (17446205),Erick Fedde,17446205,P,6900,WAS@NYY 05/07/2021 07:05PM ET,WAS,11.88
SP,Tanner Houck (17446428),Tanner Houck,17446428,P,6800,BOS@BAL 05/07/2021 07:05PM ET,BOS,9.42
RP,Tyler Clippard (17445866),Tyler Clippard,17445866,P,6700,ARI@NYM 05/07/2021 07:10PM ET,ARI,0
SP,Joey Lucchesi (17446615),Joey Lucchesi,17446615,P,6700,ARI@NYM 05/07/2021 07:10PM ET,NYM,3.3
SP,Wade Miley (17445940),Wade Miley,17445940,P,6700,CIN@CLE 05/07/2021 07:10PM ET,CIN,15.83
SP,Luis Castillo (17446244),Luis Castillo,17446244,P,6700,CIN@CLE 05/07/2021 07:10PM ET,CIN,8.12
SP,Jeff Hoffman (17446315),Jeff Hoffman,17446315,P,6700,CIN@CLE 05/07/2021 07:10PM ET,CIN,9.14
SP,Sean Newcomb (17446314),Sean Newcomb,17446314,P,6600,PHI@ATL 05/07/2021 07:20PM ET,ATL,3.69
SP,Mike Soroka (17446521),Mike Soroka,17446521,P,6600,PHI@ATL 05/07/2021 07:20PM ET,ATL,0
SP,Patrick Corbin (17445998),Patrick Corbin,17445998,P,6600,WAS@NYY 05/07/2021 07:05PM ET,WAS,4.94
SP,Max Fried (17446256),Max Fried,17446256,P,6500,PHI@ATL 05/07/2021 07:20PM ET,ATL,7.1
SP,Wade LeBlanc (17445888),Wade LeBlanc,17445888,P,6500,MIL@MIA 05/07/2021 07:10PM ET,MIL,0.87
SP,Matt Harvey (17445925),Matt Harvey,17445925,P,6500,BOS@BAL 05/07/2021 07:05PM ET,BAL,12.19
SP,Spencer Turnbull (17446395),Spencer Turnbull,17446395,P,6500,MIN@DET 05/07/2021 07:10PM ET,DET,10.14
SP,Bryse Wilson (17446614),Bryse Wilson,17446614,P,6400,PHI@ATL 05/07/2021 07:20PM ET,ATL,3.73
SP,Nick Neidert (17446530),Nick Neidert,17446530,P,6400,MIL@MIA 05/07/2021 07:10PM ET,MIA,3.33
SP,Jorge Lopez (17446174),Jorge Lopez,17446174,P,6400,BOS@BAL 05/07/2021 07:05PM ET,BAL,8.74
SP,Jon Lester (17445862),Jon Lester,17445862,P,6400,WAS@NYY 05/07/2021 07:05PM ET,WAS,10.35
SP,Matt Shoemaker (17445989),Matt Shoemaker,17445989,P,6400,MIN@DET 05/07/2021 07:10PM ET,MIN,4.31
SP,Bruce Zimmermann (17446689),Bruce Zimmermann,17446689,P,6300,BOS@BAL 05/07/2021 07:05PM ET,BAL,8.15
RP,Daniel Castano (17446481),Daniel Castano,17446481,P,6200,MIL@MIA 05/07/2021 07:10PM ET,MIA,4.67
SP,Adam Plutko (17446088),Adam Plutko,17446088,P,6200,BOS@BAL 05/07/2021 07:05PM ET,BAL,4.52
SP,Dean Kremer (17446562),Dean Kremer,17446562,P,6200,BOS@BAL 05/07/2021 07:05PM ET,BAL,8.17
RP,Sam Hentges (17446425),Sam Hentges,17446425,P,6200,CIN@CLE 05/07/2021 07:10PM ET,CLE,5.16
SP,Keegan Akin (17446500),Keegan Akin,17446500,P,6000,BOS@BAL 05/07/2021 07:05PM ET,BAL,0
SP,Matthew Boyd (17446227),Matthew Boyd,17446227,P,6000,MIN@DET 05/07/2021 07:10PM ET,DET,16.11
OF,Byron Buxton (17446250),Byron Buxton,17446250,OF,5900,MIN@DET 05/07/2021 07:10PM ET,MIN,12.25
OF,Bryce Harper (17446070),Bryce Harper,17446070,OF,5800,PHI@ATL 05/07/2021 07:20PM ET,PHI,9.96
OF,Ronald Acuna Jr. (17446567),Ronald Acuna Jr.,17446567,OF,5700,PHI@ATL 05/07/2021 07:20PM ET,ATL,12.31
SP,Michael Fulmer (17446167),Michael Fulmer,17446167,P,5700,MIN@DET 05/07/2021 07:10PM ET,DET,6.45
1B,Freddie Freeman (17445921),Freddie Freeman,17445921,1B,5600,PHI@ATL 05/07/2021 07:20PM ET,ATL,7.93
3B,Jose Ramirez (17446193),Jose Ramirez,17446193,3B,5600,CIN@CLE 05/07/2021 07:10PM ET,CLE,9.6
SP,Julio Teheran (17445935),Julio Teheran,17445935,P,5600,MIN@DET 05/07/2021 07:10PM ET,DET,15.05
SP,Jose Urena (17446053),Jose Urena,17446053,P,5600,MIN@DET 05/07/2021 07:10PM ET,DET,14.21
OF,J.D. Martinez (17446014),J.D. Martinez,17446014,OF,5500,BOS@BAL 05/07/2021 07:05PM ET,BOS,12.07
1B,Pete Alonso (17446501),Pete Alonso,17446501,1B,5400,ARI@NYM 05/07/2021 07:10PM ET,NYM,8.48
SS,Xander Bogaerts (17446128),Xander Bogaerts,17446128,SS,5400,BOS@BAL 05/07/2021 07:05PM ET,BOS,9.67
OF,Nelson Cruz (17445859),Nelson Cruz,17445859,OF,5400,MIN@DET 05/07/2021 07:10PM ET,MIN,8.86
SP,Daniel Norris (17446175),Daniel Norris,17446175,P,5400,MIN@DET 05/07/2021 07:10PM ET,DET,1.13
SP,Tarik Skubal (17446700),Tarik Skubal,17446700,P,5400,MIN@DET 05/07/2021 07:10PM ET,DET,5.45
SP,Casey Mize (17446717),Casey Mize,17446717,P,5400,MIN@DET 05/07/2021 07:10PM ET,DET,9.48
2B/3B,Eduardo Escobar (17445975),Eduardo Escobar,17445975,2B/3B,5300,ARI@NYM 05/07/2021 07:10PM ET,ARI,8.3
3B,Rafael Devers (17446399),Rafael Devers,17446399,3B,5300,BOS@BAL 05/07/2021 07:05PM ET,BOS,9.48
SS,Trea Turner (17446198),Trea Turner,17446198,SS,5300,WAS@NYY 05/07/2021 07:05PM ET,WAS,9.48
OF,Nick Castellanos (17446077),Nick Castellanos,17446077,OF,5300,CIN@CLE 05/07/2021 07:10PM ET,CIN,11
SP,Derek Holland (17445898),Derek Holland,17445898,P,5300,MIN@DET 05/07/2021 07:10PM ET,DET,-0.12
RP,Paul Campbell (17446696),Paul Campbell,17446696,P,5200,MIL@MIA 05/07/2021 07:10PM ET,MIA,2.66
OF,David Peralta (17445904),David Peralta,17445904,OF,5200,ARI@NYM 05/07/2021 07:10PM ET,ARI,8.1
1B/2B,DJ LeMahieu (17445996),DJ LeMahieu,17445996,1B/2B,5200,WAS@NYY 05/07/2021 07:05PM ET,NYY,6.93
C,Mitch Garver (17446143),Mitch Garver,17446143,C,5200,MIN@DET 05/07/2021 07:10PM ET,MIN,6.22
SP,Tyler Alexander (17446366),Tyler Alexander,17446366,P,5200,MIN@DET 05/07/2021 07:10PM ET,DET,4.12
1B,Jesus Aguilar (17446049),Jesus Aguilar,17446049,1B,5100,MIL@MIA 05/07/2021 07:10PM ET,MIA,8.5
OF,Giancarlo Stanton (17445922),Giancarlo Stanton,17445922,OF,5100,WAS@NYY 05/07/2021 07:05PM ET,NYY,10.04
3B,Josh Donaldson (17445917),Josh Donaldson,17445917,3B,5100,MIN@DET 05/07/2021 07:10PM ET,MIN,6.10
OF,Marcell Ozuna (17446022),Marcell Ozuna,17446022,OF,5000,PHI@ATL 05/07/2021 07:20PM ET,ATL,6.42
SS,Francisco Lindor (17446165),Francisco Lindor,17446165,SS,5000,ARI@NYM 05/07/2021 07:10PM ET,NYM,4.92
C,Carson Kelly (17446265),Carson Kelly,17446265,C,5000,ARI@NYM 05/07/2021 07:10PM ET,ARI,9.46
C,J.T. Realmuto (17446084),J.T. Realmuto,17446084,C,4900,PHI@ATL 05/07/2021 07:20PM ET,PHI,6.76
OF,Ketel Marte (17446158),Ketel Marte,17446158,OF,4900,ARI@NYM 05/07/2021 07:10PM ET,ARI,13.67
2B/SS,Jorge Polanco (17446072),Jorge Polanco,17446072,2B/SS,4900,MIN@DET 05/07/2021 07:10PM ET,MIN,5.89
1B,Rhys Hoskins (17446390),Rhys Hoskins,17446390,1B,4800,PHI@ATL 05/07/2021 07:20PM ET,PHI,8.22
OF,Christian Yelich (17446082),Christian Yelich,17446082,OF,4800,MIL@MIA 05/07/2021 07:10PM ET,MIL,8
C,Travis d'Arnaud (17445918),Travis d'Arnaud,17445918,C,4700,PHI@ATL 05/07/2021 07:20PM ET,ATL,5.04
2B,Ozzie Albies (17446454),Ozzie Albies,17446454,2B,4700,PHI@ATL 05/07/2021 07:20PM ET,ATL,7.76
OF,Aaron Judge (17446113),Aaron Judge,17446113,OF,4700,WAS@NYY 05/07/2021 07:05PM ET,NYY,8
1B,Joey Votto (17445860),Joey Votto,17445860,1B,4700,CIN@CLE 05/07/2021 07:10PM ET,CIN,6.72
SS,Eugenio Suarez (17446048),Eugenio Suarez,17446048,SS,4700,CIN@CLE 05/07/2021 07:10PM ET,CIN,6.14
OF,Starling Marte (17446023),Starling Marte,17446023,OF,4600,MIL@MIA 05/07/2021 07:10PM ET,MIA,10.67
C,Gary Sanchez (17446110),Gary Sanchez,17446110,C,4600,WAS@NYY 05/07/2021 07:05PM ET,NYY,5.15
SS,Gleyber Torres (17446459),Gleyber Torres,17446459,SS,4600,WAS@NYY 05/07/2021 07:05PM ET,NYY,5.79
OF,Jesse Winker (17446257),Jesse Winker,17446257,OF,4600,CIN@CLE 05/07/2021 07:10PM ET,CIN,10.96
SP,Alec Bettinger (17446491),Alec Bettinger,17446491,P,4500,MIL@MIA 05/07/2021 07:10PM ET,MIL,-21.4
2B,Jeff McNeil (17446311),Jeff McNeil,17446311,2B,4500,ARI@NYM 05/07/2021 07:10PM ET,NYM,5.5
OF,Juan Soto (17446572),Juan Soto,17446572,OF,4500,WAS@NYY 05/07/2021 07:05PM ET,WAS,7.41
1B,Renato Nunez (17446153),Renato Nunez,17446153,1B,4500,MIN@DET 05/07/2021 07:10PM ET,DET,7.14
SS,Miguel Rojas (17445974),Miguel Rojas,17445974,SS,4400,MIL@MIA 05/07/2021 07:10PM ET,MIA,7.79
C,Christian Vazquez (17445965),Christian Vazquez,17445965,C,4400,BOS@BAL 05/07/2021 07:05PM ET,BOS,6.82
OF,Franmil Reyes (17446245),Franmil Reyes,17446245,OF,4400,CIN@CLE 05/07/2021 07:10PM ET,CLE,9.74
2B/SS,Jazz Chisholm Jr. (17446642),Jazz Chisholm Jr.,17446642,2B/SS,4300,MIL@MIA 05/07/2021 07:10PM ET,MIA,9.14
C,Stephen Vogt (17445916),Stephen Vogt,17445916,C,4300,ARI@NYM 05/07/2021 07:10PM ET,ARI,5.82
OF,Dominic Smith (17446332),Dominic Smith,17446332,OF,4300,ARI@NYM 05/07/2021 07:10PM ET,NYM,5.44
OF/SS,Josh Rojas (17446575),Josh Rojas,17446575,SS/OF,4300,ARI@NYM 05/07/2021 07:10PM ET,ARI,6.37
1B,Trey Mancini (17446307),Trey Mancini,17446307,1B,4300,BOS@BAL 05/07/2021 07:05PM ET,BAL,8
OF,Alex Verdugo (17446416),Alex Verdugo,17446416,OF,4300,BOS@BAL 05/07/2021 07:05PM ET,BOS,8.93
OF,Michael Lorenzen (17446089),Michael Lorenzen,17446089,OF,4300,CIN@CLE 05/07/2021 07:10PM ET,CIN,0
OF,Cedric Mullins (17446490),Cedric Mullins,17446490,OF,4200,BOS@BAL 05/07/2021 07:05PM ET,BAL,8.67
3B,Gio Urshela (17446051),Gio Urshela,17446051,3B,4200,WAS@NYY 05/07/2021 07:05PM ET,NYY,7.07
OF,Andrew McCutchen (17445878),Andrew McCutchen,17445878,OF,4100,PHI@ATL 05/07/2021 07:20PM ET,PHI,6.57
SS,Dansby Swanson (17446294),Dansby Swanson,17446294,SS,4100,PHI@ATL 05/07/2021 07:20PM ET,ATL,5
OF,Michael Conforto (17446312),Michael Conforto,17446312,OF,4100,ARI@NYM 05/07/2021 07:10PM ET,NYM,6.42
1B/OF,Pavin Smith (17446446),Pavin Smith,17446446,1B/OF,4100,ARI@NYM 05/07/2021 07:10PM ET,ARI,6.93
2B/OF,Kike Hernandez (17446003),Kike Hernandez,17446003,2B/OF,4100,BOS@BAL 05/07/2021 07:05PM ET,BOS,6.87
C,Wilson Ramos (17445902),Wilson Ramos,17445902,C,4100,MIN@DET 05/07/2021 07:10PM ET,DET,6.14
SS,Niko Goodrum (17446125),Niko Goodrum,17446125,SS,4100,MIN@DET 05/07/2021 07:10PM ET,DET,7.12
RP,Jesse Chavez (17445864),Jesse Chavez,17445864,P,4000,PHI@ATL 05/07/2021 07:20PM ET,ATL,0
RP,Brandon Kintzler (17445872),Brandon Kintzler,17445872,P,4000,PHI@ATL 05/07/2021 07:20PM ET,PHI,2.54
RP,Josh Tomlin (17445896),Josh Tomlin,17445896,P,4000,PHI@ATL 05/07/2021 07:20PM ET,ATL,2.43
RP,Neftali Feliz (17445903),Neftali Feliz,17445903,P,4000,PHI@ATL 05/07/2021 07:20PM ET,PHI,0
RP,Nate Jones (17445912),Nate Jones,17445912,P,4000,PHI@ATL 05/07/2021 07:20PM ET,ATL,1.49
RP,Will Smith (17445962),Will Smith,17445962,P,4000,PHI@ATL 05/07/2021 07:20PM ET,ATL,3.30
SP,Tyler Matzek (17445993),Tyler Matzek,17445993,P,4000,PHI@ATL 05/07/2021 07:20PM ET,ATL,3.56
RP,David Hale (17445999),David Hale,17445999,P,4000,PHI@ATL 05/07/2021 07:20PM ET,PHI,1.59
SP,Bryan Mitchell (17446011),Bryan Mitchell,17446011,P,4000,PHI@ATL 05/07/2021 07:20PM ET,PHI,0
RP,Luke Jackson (17446076),Luke Jackson,17446076,P,4000,PHI@ATL 05/07/2021 07:20PM ET,ATL,2.55
RP,Jesse Biddle (17446081),Jesse Biddle,17446081,P,4000,PHI@ATL 05/07/2021 07:20PM ET,ATL,1.8
RP,Grant Dayton (17446097),Grant Dayton,17446097,P,4000,PHI@ATL 05/07/2021 07:20PM ET,ATL,2.25
RP,Hector Neris (17446126),Hector Neris,17446126,P,4000,PHI@ATL 05/07/2021 07:20PM ET,PHI,3.78
RP,Chris Martin (17446152),Chris Martin,17446152,P,4000,PHI@ATL 05/07/2021 07:20PM ET,ATL,0.38
RP,Archie Bradley (17446164),Archie Bradley,17446164,P,4000,PHI@ATL 05/07/2021 07:20PM ET,PHI,1.44
RP,David Paulino (17446216),David Paulino,17446216,P,4000,PHI@ATL 05/07/2021 07:20PM ET,PHI,0
RP,Carl Edwards Jr. (17446224),Carl Edwards Jr.,17446224,P,4000,PHI@ATL 05/07/2021 07:20PM ET,ATL,0
RP,Jose Alvarado (17446234),Jose Alvarado,17446234,P,4000,PHI@ATL 05/07/2021 07:20PM ET,PHI,3.70
RP,Seranthony Dominguez (17446246),Seranthony Dominguez,17446246,P,4000,PHI@ATL 05/07/2021 07:20PM ET,PHI,0
RP,A.J. Minter (17446295),A.J. Minter,17446295,P,4000,PHI@ATL 05/07/2021 07:20PM ET,ATL,3.19
RP,Connor Brogdon (17446380),Connor Brogdon,17446380,P,4000,PHI@ATL 05/07/2021 07:20PM ET,PHI,2.22
RP,Victor Arano (17446384),Victor Arano,17446384,P,4000,PHI@ATL 05/07/2021 07:20PM ET,ATL,0
RP,Sam Coonrod (17446396),Sam Coonrod,17446396,P,4000,PHI@ATL 05/07/2021 07:20PM ET,PHI,4.34
SP,Touki Toussaint (17446410),Touki Toussaint,17446410,P,4000,PHI@ATL 05/07/2021 07:20PM ET,ATL,0
SP,Cristopher Sanchez (17446419),Cristopher Sanchez,17446419,P,4000,PHI@ATL 05/07/2021 07:20PM ET,PHI,0
RP,Jacob Webb (17446438),Jacob Webb,17446438,P,4000,PHI@ATL 05/07/2021 07:20PM ET,ATL,2.04
RP,Edgar Santana (17446453),Edgar Santana,17446453,P,4000,PHI@ATL 05/07/2021 07:20PM ET,ATL,0.29
SP,Adonis Medina (17446462),Adonis Medina,17446462,P,4000,PHI@ATL 05/07/2021 07:20PM ET,PHI,0
RP,JD Hammer (17446508),JD Hammer,17446508,P,4000,PHI@ATL 05/07/2021 07:20PM ET,PHI,0
RP,Thomas Burrows (17446509),Thomas Burrows,17446509,P,4000,PHI@ATL 05/07/2021 07:20PM ET,ATL,0
RP,Bailey Falter (17446538),Bailey Falter,17446538,P,4000,PHI@ATL 05/07/2021 07:20PM ET,PHI,2.1
SP,Enyel De Los Santos (17446568),Enyel De Los Santos,17446568,P,4000,PHI@ATL 05/07/2021 07:20PM ET,PHI,3.05
RP,Jasseel De La Cruz (17446570),Jasseel De La Cruz,17446570,P,4000,PHI@ATL 05/07/2021 07:20PM ET,ATL,0
SP,Kyle Muller (17446605),Kyle Muller,17446605,P,4000,PHI@ATL 05/07/2021 07:20PM ET,ATL,0
SP,JoJo Romero (17446613),JoJo Romero,17446613,P,4000,PHI@ATL 05/07/2021 07:20PM ET,PHI,1.10
SP,Tucker Davidson (17446628),Tucker Davidson,17446628,P,4000,PHI@ATL 05/07/2021 07:20PM ET,ATL,0
RP,Ramon Rosso (17446666),Ramon Rosso,17446666,P,4000,PHI@ATL 05/07/2021 07:20PM ET,PHI,2.4
SP,Spencer Howard (17446681),Spencer Howard,17446681,P,4000,PHI@ATL 05/07/2021 07:20PM ET,PHI,4.32
SP,Freddy Tarnok (17446688),Freddy Tarnok,17446688,P,4000,PHI@ATL 05/07/2021 07:20PM ET,ATL,0
SP,David Parkinson (17446692),David Parkinson,17446692,P,4000,PHI@ATL 05/07/2021 07:20PM ET,PHI,0
RP,Damon Jones (17446694),Damon Jones,17446694,P,4000,PHI@ATL 05/07/2021 07:20PM ET,PHI,0
RP,Brad Boxberger (17445897),Brad Boxberger,17445897,P,4000,MIL@MIA 05/07/2021 07:10PM ET,MIL,3.33
RP,Ross Detwiler (17445910),Ross Detwiler,17445910,P,4000,MIL@MIA 05/07/2021 07:10PM ET,MIA,2.97
RP,Anthony Bass (17445954),Anthony Bass,17445954,P,4000,MIL@MIA 05/07/2021 07:10PM ET,MIA,1.23
RP,Richard Bleier (17445957),Richard Bleier,17445957,P,4000,MIL@MIA 05/07/2021 07:10PM ET,MIA,2.95
RP,Blaine Hardy (17445964),Blaine Hardy,17445964,P,4000,MIL@MIA 05/07/2021 07:10PM ET,MIL,0
RP,Dylan Floro (17446015),Dylan Floro,17446015,P,4000,MIL@MIA 05/07/2021 07:10PM ET,MIA,3.74
RP,Hoby Milner (17446032),Hoby Milner,17446032,P,4000,MIL@MIA 05/07/2021 07:10PM ET,MIL,0
RP,Yimi Garcia (17446056),Yimi Garcia,17446056,P,4000,MIL@MIA 05/07/2021 07:10PM ET,MIA,3.3
RP,Bobby Wahl (17446119),Bobby Wahl,17446119,P,4000,MIL@MIA 05/07/2021 07:10PM ET,MIL,0
RP,Ray Black (17446145),Ray Black,17446145,P,4000,MIL@MIA 05/07/2021 07:10PM ET,MIL,0
RP,John Curtiss (17446207),John Curtiss,17446207,P,4000,MIL@MIA 05/07/2021 07:10PM ET,MIA,4.91
RP,Shawn Morimando (17446211),Shawn Morimando,17446211,P,4000,MIL@MIA 05/07/2021 07:10PM ET,MIA,0
SP,Brent Suter (17446232),Brent Suter,17446232,P,4000,MIL@MIA 05/07/2021 07:10PM ET,MIL,4.51
SP,Angel Perdomo (17446272),Angel Perdomo,17446272,P,4000,MIL@MIA 05/07/2021 07:10PM ET,MIL,3.68
RP,Josh Hader (17446279),Josh Hader,17446279,P,4000,MIL@MIA 05/07/2021 07:10PM ET,MIL,5.74
RP,Justin Topa (17446289),Justin Topa,17446289,P,4000,MIL@MIA 05/07/2021 07:10PM ET,MIL,0
RP,Alexander Guillen (17446331),Alexander Guillen,17446331,P,4000,MIL@MIA 05/07/2021 07:10PM ET,MIA,0
RP,Devin Williams (17446341),Devin Williams,17446341,P,4000,MIL@MIA 05/07/2021 07:10PM ET,MIL,3.07
RP,Adam Cimber (17446355),Adam Cimber,17446355,P,4000,MIL@MIA 05/07/2021 07:10PM ET,MIA,2.09
SP,Zack Brown (17446377),Zack Brown,17446377,P,4000,MIL@MIA 05/07/2021 07:10PM ET,MIL,0
RP,Eric Yardley (17446386),Eric Yardley,17446386,P,4000,MIL@MIA 05/07/2021 07:10PM ET,MIL,0.68
RP,Chad Sobotka (17446394),Chad Sobotka,17446394,P,4000,MIL@MIA 05/07/2021 07:10PM ET,MIL,0
RP,Jeff Brigham (17446426),Jeff Brigham,17446426,P,4000,MIL@MIA 05/07/2021 07:10PM ET,MIA,0
RP,J.P. Feyereisen (17446434),J.P. Feyereisen,17446434,P,4000,MIL@MIA 05/07/2021 07:10PM ET,MIL,3.70
SP,Jordan Holloway (17446436),Jordan Holloway,17446436,P,4000,MIL@MIA 05/07/2021 07:10PM ET,MIA,8.46
RP,Zach Pop (17446439),Zach Pop,17446439,P,4000,MIL@MIA 05/07/2021 07:10PM ET,MIA,2.46
RP,Patrick Weigel (17446443),Patrick Weigel,17446443,P,4000,MIL@MIA 05/07/2021 07:10PM ET,MIL,8.65
SP,Drew Rasmussen (17446450),Drew Rasmussen,17446450,P,4000,MIL@MIA 05/07/2021 07:10PM ET,MIL,3.40
SP,Jorge Guzman (17446476),Jorge Guzman,17446476,P,4000,MIL@MIA 05/07/2021 07:10PM ET,MIA,0
SP,Ethan Small (17446589),Ethan Small,17446589,P,4000,MIL@MIA 05/07/2021 07:10PM ET,MIL,0
SP,Braxton Garrett (17446599),Braxton Garrett,17446599,P,4000,MIL@MIA 05/07/2021 07:10PM ET,MIA,0
RP,Tommy Eveld (17446621),Tommy Eveld,17446621,P,4000,MIL@MIA 05/07/2021 07:10PM ET,MIA,0
RP,Anthony Bender (17446630),Anthony Bender,17446630,P,4000,MIL@MIA 05/07/2021 07:10PM ET,MIA,4.95
SP,Dylan File (17446661),Dylan File,17446661,P,4000,MIL@MIA 05/07/2021 07:10PM ET,MIL,0
SP,Aaron Ashby (17446698),Aaron Ashby,17446698,P,4000,MIL@MIA 05/07/2021 07:10PM ET,MIL,0
RP,Clayton Andrews (17446701),Clayton Andrews,17446701,P,4000,MIL@MIA 05/07/2021 07:10PM ET,MIL,0
RP,Joakim Soria (17445863),Joakim Soria,17445863,P,4000,ARI@NYM 05/07/2021 07:10PM ET,ARI,-0.62
RP,Ryan Buchter (17445884),Ryan Buchter,17445884,P,4000,ARI@NYM 05/07/2021 07:10PM ET,ARI,0
RP,Dellin Betances (17445891),Dellin Betances,17445891,P,4000,ARI@NYM 05/07/2021 07:10PM ET,NYM,1.05
RP,Tommy Hunter (17445914),Tommy Hunter,17445914,P,4000,ARI@NYM 05/07/2021 07:10PM ET,NYM,0
RP,Trevor May (17445950),Trevor May,17445950,P,4000,ARI@NYM 05/07/2021 07:10PM ET,NYM,4.58
RP,Arodys Vizcaino (17445983),Arodys Vizcaino,17445983,P,4000,ARI@NYM 05/07/2021 07:10PM ET,NYM,0
RP,Jeurys Familia (17445985),Jeurys Familia,17445985,P,4000,ARI@NYM 05/07/2021 07:10PM ET,NYM,2.48
RP,Aaron Loup (17446006),Aaron Loup,17446006,P,4000,ARI@NYM 05/07/2021 07:10PM ET,NYM,3.35
RP,Joe Mantiply (17446036),Joe Mantiply,17446036,P,4000,ARI@NYM 05/07/2021 07:10PM ET,ARI,0
RP,Seth Frankoff (17446112),Seth Frankoff,17446112,P,4000,ARI@NYM 05/07/2021 07:10PM ET,ARI,0
SP,Jerad Eickhoff (17446123),Jerad Eickhoff,17446123,P,4000,ARI@NYM 05/07/2021 07:10PM ET,NYM,0
RP,Carlos Navas (17446127),Carlos Navas,17446127,P,4000,ARI@NYM 05/07/2021 07:10PM ET,ARI,0
RP,Jacob Barnes (17446144),Jacob Barnes,17446144,P,4000,ARI@NYM 05/07/2021 07:10PM ET,NYM,2.16
RP,Stephen Tarpley (17446189),Stephen Tarpley,17446189,P,4000,ARI@NYM 05/07/2021 07:10PM ET,NYM,-6.4
RP,Robert Gsellman (17446196),Robert Gsellman,17446196,P,4000,ARI@NYM 05/07/2021 07:10PM ET,NYM,3.02
RP,Chris Devenski (17446206),Chris Devenski,17446206,P,4000,ARI@NYM 05/07/2021 07:10PM ET,ARI,2.21
RP,Seth Lugo (17446210),Seth Lugo,17446210,P,4000,ARI@NYM 05/07/2021 07:10PM ET,NYM,0
RP,Taylor Guilbeau (17446219),Taylor Guilbeau,17446219,P,4000,ARI@NYM 05/07/2021 07:10PM ET,ARI,0
RP,Keury Mella (17446243),Keury Mella,17446243,P,4000,ARI@NYM 05/07/2021 07:10PM ET,ARI,0
RP,Edwin Diaz (17446263),Edwin Diaz,17446263,P,4000,ARI@NYM 05/07/2021 07:10PM ET,NYM,3.22
SP,Corey Oswalt (17446271),Corey Oswalt,17446271,P,4000,ARI@NYM 05/07/2021 07:10PM ET,NYM,0
RP,Daniel Zamora (17446282),Daniel Zamora,17446282,P,4000,ARI@NYM 05/07/2021 07:10PM ET,NYM,0
SP,Alex Young (17446287),Alex Young,17446287,P,4000,ARI@NYM 05/07/2021 07:10PM ET,ARI,2.16
RP,Miguel Castro (17446298),Miguel Castro,17446298,P,4000,ARI@NYM 05/07/2021 07:10PM ET,NYM,4.16
RP,Sam Moll (17446310),Sam Moll,17446310,P,4000,ARI@NYM 05/07/2021 07:10PM ET,ARI,0
SP,Oscar De La Cruz (17446326),Oscar De La Cruz,17446326,P,4000,ARI@NYM 05/07/2021 07:10PM ET,NYM,0
RP,Stefan Crichton (17446367),Stefan Crichton,17446367,P,4000,ARI@NYM 05/07/2021 07:10PM ET,ARI,1.69
SP,Sean Reid-Foley (17446413),Sean Reid-Foley,17446413,P,4000,ARI@NYM 05/07/2021 07:10PM ET,NYM,12.02
SP,Jordan Yamamoto (17446429),Jordan Yamamoto,17446429,P,4000,ARI@NYM 05/07/2021 07:10PM ET,NYM,7
SP,Sam McWilliams (17446432),Sam McWilliams,17446432,P,4000,ARI@NYM 05/07/2021 07:10PM ET,NYM,0
RP,Kevin Ginkel (17446433),Kevin Ginkel,17446433,P,4000,ARI@NYM 05/07/2021 07:10PM ET,ARI,2.24
SP,J.B. Bukauskas (17446437),J.B. Bukauskas,17446437,P,4000,ARI@NYM 05/07/2021 07:10PM ET,ARI,1.19
RP,Trevor Hildenberger (17446441),Trevor Hildenberger,17446441,P,4000,ARI@NYM 05/07/2021 07:10PM ET,NYM,0.52
SP,Franklyn Kilome (17446461),Franklyn Kilome,17446461,P,4000,ARI@NYM 05/07/2021 07:10PM ET,NYM,0
RP,Yoan Lopez (17446475),Yoan Lopez,17446475,P,4000,ARI@NYM 05/07/2021 07:10PM ET,ARI,2.16
RP,Yennsy Diaz (17446486),Yennsy Diaz,17446486,P,4000,ARI@NYM 05/07/2021 07:10PM ET,NYM,0
RP,Stephen Nogosek (17446494),Stephen Nogosek,17446494,P,4000,ARI@NYM 05/07/2021 07:10PM ET,NYM,0
RP,Jon Duplantier (17446507),Jon Duplantier,17446507,P,4000,ARI@NYM 05/07/2021 07:10PM ET,ARI,0
RP,Taylor Clarke (17446534),Taylor Clarke,17446534,P,4000,ARI@NYM 05/07/2021 07:10PM ET,ARI,3.22
RP,Drew Smith (17446537),Drew Smith,17446537,P,4000,ARI@NYM 05/07/2021 07:10PM ET,NYM,0
SP,Thomas Szapucki (17446539),Thomas Szapucki,17446539,P,4000,ARI@NYM 05/07/2021 07:10PM ET,NYM,0
SP,Corbin Martin (17446581),Corbin Martin,17446581,P,4000,ARI@NYM 05/07/2021 07:10PM ET,ARI,0
RP,Luis Frias (17446595),Luis Frias,17446595,P,4000,ARI@NYM 05/07/2021 07:10PM ET,ARI,0
RP,Humberto Castellanos (17446596),Humberto Castellanos,17446596,P,4000,ARI@NYM 05/07/2021 07:10PM ET,ARI,0
RP,Ryley Gilliam (17446668),Ryley Gilliam,17446668,P,4000,ARI@NYM 05/07/2021 07:10PM ET,NYM,0
SP,Matt Peacock (17446697),Matt Peacock,17446697,P,4000,ARI@NYM 05/07/2021 07:10PM ET,ARI,2.31
SP,Josh Green (17446735),Josh Green,17446735,P,4000,ARI@NYM 05/07/2021 07:10PM ET,ARI,0
SP,Matthew Allan (17446752),Matthew Allan,17446752,P,4000,ARI@NYM 05/07/2021 07:10PM ET,NYM,0
RP,Adam Ottavino (17445886),Adam Ottavino,17445886,P,4000,BOS@BAL 05/07/2021 07:05PM ET,BOS,2.98
RP,Cesar Valdez (17445900),Cesar Valdez,17445900,P,4000,BOS@BAL 05/07/2021 07:05PM ET,BAL,4.65
RP,Marcus Walden (17445913),Marcus Walden,17445913,P,4000,BOS@BAL 05/07/2021 07:05PM ET,BOS,0
RP,Ryan Brasier (17445920),Ryan Brasier,17445920,P,4000,BOS@BAL 05/07/2021 07:05PM ET,BOS,0
RP,Fernando Abad (17445934),Fernando Abad,17445934,P,4000,BOS@BAL 05/07/2021 07:05PM ET,BAL,0
RP,Ryan Weber (17445968),Ryan Weber,17445968,P,4000,BOS@BAL 05/07/2021 07:05PM ET,BOS,0
RP,Phillips Valdez (17446052),Phillips Valdez,17446052,P,4000,BOS@BAL 05/07/2021 07:05PM ET,BOS,3.59
RP,Matt Barnes (17446062),Matt Barnes,17446062,P,4000,BOS@BAL 05/07/2021 07:05PM ET,BOS,5.43
RP,Austin Brice (17446093),Austin Brice,17446093,P,4000,BOS@BAL 05/07/2021 07:05PM ET,BOS,0.49
RP,Brandon Brennan (17446120),Brandon Brennan,17446120,P,4000,BOS@BAL 05/07/2021 07:05PM ET,BOS,0
RP,Matt Andriese (17446135),Matt Andriese,17446135,P,4000,BOS@BAL 05/07/2021 07:05PM ET,BOS,3.51
RP,Hirokazu Sawamura (17446149),Hirokazu Sawamura,17446149,P,4000,BOS@BAL 05/07/2021 07:05PM ET,BOS,3.82
RP,Colten Brewer (17446182),Colten Brewer,17446182,P,4000,BOS@BAL 05/07/2021 07:05PM ET,BOS,0
SP,Daniel Gossett (17446190),Daniel Gossett,17446190,P,4000,BOS@BAL 05/07/2021 07:05PM ET,BOS,0
RP,Shawn Armstrong (17446194),Shawn Armstrong,17446194,P,4000,BOS@BAL 05/07/2021 07:05PM ET,BAL,0.18
RP,Evan Phillips (17446288),Evan Phillips,17446288,P,4000,BOS@BAL 05/07/2021 07:05PM ET,BAL,0
RP,Eric Hanhold (17446290),Eric Hanhold,17446290,P,4000,BOS@BAL 05/07/2021 07:05PM ET,BAL,0
RP,Hunter Harvey (17446335),Hunter Harvey,17446335,P,4000,BOS@BAL 05/07/2021 07:05PM ET,BAL,0
SP,Stephen Gonsalves (17446344),Stephen Gonsalves,17446344,P,4000,BOS@BAL 05/07/2021 07:05PM ET,BOS,0
SP,Conner Greene (17446348),Conner Greene,17446348,P,4000,BOS@BAL 05/07/2021 07:05PM ET,BAL,0
RP,Kevin McCarthy (17446362),Kevin McCarthy,17446362,P,4000,BOS@BAL 05/07/2021 07:05PM ET,BOS,0
RP,Paul Fry (17446363),Paul Fry,17446363,P,4000,BOS@BAL 05/07/2021 07:05PM ET,BAL,3.81
RP,Cole Sulser (17446370),Cole Sulser,17446370,P,4000,BOS@BAL 05/07/2021 07:05PM ET,BAL,6.8
RP,Caleb Simpson (17446375),Caleb Simpson,17446375,P,4000,BOS@BAL 05/07/2021 07:05PM ET,BOS,0
SP,Darwinzon Hernandez (17446400),Darwinzon Hernandez,17446400,P,4000,BOS@BAL 05/07/2021 07:05PM ET,BOS,2.88
SP,Marcos Diplan (17446407),Marcos Diplan,17446407,P,4000,BOS@BAL 05/07/2021 07:05PM ET,BAL,0
RP,Tanner Scott (17446427),Tanner Scott,17446427,P,4000,BOS@BAL 05/07/2021 07:05PM ET,BAL,2.80
SP,Connor Seabold (17446442),Connor Seabold,17446442,P,4000,BOS@BAL 05/07/2021 07:05PM ET,BOS,0
RP,Josh Taylor (17446463),Josh Taylor,17446463,P,4000,BOS@BAL 05/07/2021 07:05PM ET,BOS,1.47
RP,Matt Hall (17446466),Matt Hall,17446466,P,4000,BOS@BAL 05/07/2021 07:05PM ET,BOS,0
RP,Eduard Bazardo (17446483),Eduard Bazardo,17446483,P,4000,BOS@BAL 05/07/2021 07:05PM ET,BOS,3.05
SP,Travis Lakins Sr. (17446493),Travis Lakins Sr.,17446493,P,4000,BOS@BAL 05/07/2021 07:05PM ET,BAL,0.94
SP,Dillon Tate (17446515),Dillon Tate,17446515,P,4000,BOS@BAL 05/07/2021 07:05PM ET,BAL,2.36
SP,Thomas Eshelman (17446528),Thomas Eshelman,17446528,P,4000,BOS@BAL 05/07/2021 07:05PM ET,BAL,0
RP,Jay Flaa (17446542),Jay Flaa,17446542,P,4000,BOS@BAL 05/07/2021 07:05PM ET,BAL,3.8
SP,Gray Fenter (17446545),Gray Fenter,17446545,P,4000,BOS@BAL 05/07/2021 07:05PM ET,BAL,0
RP,Zac Grotz (17446555),Zac Grotz,17446555,P,4000,BOS@BAL 05/07/2021 07:05PM ET,BOS,0
RP,Zac Lowther (17446578),Zac Lowther,17446578,P,4000,BOS@BAL 05/07/2021 07:05PM ET,BAL,3.65
RP,Isaac Mattson (17446580),Isaac Mattson,17446580,P,4000,BOS@BAL 05/07/2021 07:05PM ET,BAL,0
SP,Mac Sceroler (17446585),Mac Sceroler,17446585,P,4000,BOS@BAL 05/07/2021 07:05PM ET,BAL,4.42
SP,Jay Groome (17446601),Jay Groome,17446601,P,4000,BOS@BAL 05/07/2021 07:05PM ET,BOS,0
RP,John Schreiber (17446625),John Schreiber,17446625,P,4000,BOS@BAL 05/07/2021 07:05PM ET,BOS,0
SP,Tyler Wells (17446626),Tyler Wells,17446626,P,4000,BOS@BAL 05/07/2021 07:05PM ET,BAL,3.76
SP,Kyle Hart (17446629),Kyle Hart,17446629,P,4000,BOS@BAL 05/07/2021 07:05PM ET,BOS,0
SP,Garrett Whitlock (17446656),Garrett Whitlock,17446656,P,4000,BOS@BAL 05/07/2021 07:05PM ET,BOS,7.34
RP,Durbin Feltman (17446731),Durbin Feltman,17446731,P,4000,BOS@BAL 05/07/2021 07:05PM ET,BOS,0
SP,Thad Ward (17446732),Thad Ward,17446732,P,4000,BOS@BAL 05/07/2021 07:05PM ET,BOS,0
RP,Javy Guerra (17445873),Javy Guerra,17445873,P,4000,WAS@NYY 05/07/2021 07:05PM ET,WAS,0
RP,Darren O'Day (17445885),Darren O'Day,17445885,P,4000,WAS@NYY 05/07/2021 07:05PM ET,NYY,2.56
RP,Zack Britton (17445889),Zack Britton,17445889,P,4000,WAS@NYY 05/07/2021 07:05PM ET,NYY,0
RP,Will Harris (17445892),Will Harris,17445892,P,4000,WAS@NYY 05/07/2021 07:05PM ET,WAS,5.65
SP,Paolo Espino (17445893),Paolo Espino,17445893,P,4000,WAS@NYY 05/07/2021 07:05PM ET,WAS,4.68
RP,Lucas Luetge (17445895),Lucas Luetge,17445895,P,4000,WAS@NYY 05/07/2021 07:05PM ET,NYY,4.58
RP,T.J. McFarland (17445927),T.J. McFarland,17445927,P,4000,WAS@NYY 05/07/2021 07:05PM ET,WAS,0
RP,Luis Garcia (17445932),Luis Garcia,17445932,P,4000,WAS@NYY 05/07/2021 07:05PM ET,NYY,0
RP,Mike Montgomery (17445939),Mike Montgomery,17445939,P,4000,WAS@NYY 05/07/2021 07:05PM ET,NYY,0
RP,Brad Hand (17445942),Brad Hand,17445942,P,4000,WAS@NYY 05/07/2021 07:05PM ET,WAS,4.5
RP,Justin Wilson (17445951),Justin Wilson,17445951,P,4000,WAS@NYY 05/07/2021 07:05PM ET,NYY,1.21
RP,Daniel Hudson (17445952),Daniel Hudson,17445952,P,4000,WAS@NYY 05/07/2021 07:05PM ET,WAS,4.38
RP,Luis Avilan (17445986),Luis Avilan,17445986,P,4000,WAS@NYY 05/07/2021 07:05PM ET,WAS,1.16
RP,Adam Warren (17446001),Adam Warren,17446001,P,4000,WAS@NYY 05/07/2021 07:05PM ET,NYY,0
RP,Tyler Lyons (17446009),Tyler Lyons,17446009,P,4000,WAS@NYY 05/07/2021 07:05PM ET,NYY,0
RP,Luis Cessa (17446054),Luis Cessa,17446054,P,4000,WAS@NYY 05/07/2021 07:05PM ET,NYY,5.16
RP,Aroldis Chapman (17446060),Aroldis Chapman,17446060,P,4000,WAS@NYY 05/07/2021 07:05PM ET,NYY,7.07
RP,Wander Suero (17446071),Wander Suero,17446071,P,4000,WAS@NYY 05/07/2021 07:05PM ET,WAS,2.33
SP,Asher Wojciechowski (17446079),Asher Wojciechowski,17446079,P,4000,WAS@NYY 05/07/2021 07:05PM ET,NYY,0
RP,Wandy Peralta (17446103),Wandy Peralta,17446103,P,4000,WAS@NYY 05/07/2021 07:05PM ET,NYY,2.69
RP,Chad Green (17446118),Chad Green,17446118,P,4000,WAS@NYY 05/07/2021 07:05PM ET,NYY,4.01
RP,Nick Goody (17446202),Nick Goody,17446202,P,4000,WAS@NYY 05/07/2021 07:05PM ET,NYY,0
RP,Ryne Harper (17446208),Ryne Harper,17446208,P,4000,WAS@NYY 05/07/2021 07:05PM ET,WAS,3.48
RP,Kyle Barraclough (17446209),Kyle Barraclough,17446209,P,4000,WAS@NYY 05/07/2021 07:05PM ET,NYY,0
RP,Austin Voth (17446226),Austin Voth,17446226,P,4000,WAS@NYY 05/07/2021 07:05PM ET,WAS,4.9
RP,Dakota Bacus (17446276),Dakota Bacus,17446276,P,4000,WAS@NYY 05/07/2021 07:05PM ET,WAS,0
RP,Kyle Finnegan (17446304),Kyle Finnegan,17446304,P,4000,WAS@NYY 05/07/2021 07:05PM ET,WAS,3.61
SP,Jonathan Loaisiga (17446329),Jonathan Loaisiga,17446329,P,4000,WAS@NYY 05/07/2021 07:05PM ET,NYY,5.40
RP,Kyle McGowin (17446368),Kyle McGowin,17446368,P,4000,WAS@NYY 05/07/2021 07:05PM ET,WAS,1.41
RP,Nestor Cortes Jr. (17446374),Nestor Cortes Jr.,17446374,P,4000,WAS@NYY 05/07/2021 07:05PM ET,NYY,0
RP,Steven Fuentes (17446401),Steven Fuentes,17446401,P,4000,WAS@NYY 05/07/2021 07:05PM ET,WAS,0
SP,Albert Abreu (17446402),Albert Abreu,17446402,P,4000,WAS@NYY 05/07/2021 07:05PM ET,NYY,3.65
RP,Sam Clay (17446423),Sam Clay,17446423,P,4000,WAS@NYY 05/07/2021 07:05PM ET,WAS,2.04
SP,Tyler Eppler (17446430),Tyler Eppler,17446430,P,4000,WAS@NYY 05/07/2021 07:05PM ET,WAS,0
SP,Nick Nelson (17446444),Nick Nelson,17446444,P,4000,WAS@NYY 05/07/2021 07:05PM ET,NYY,3.42
RP,Michael King (17446512),Michael King,17446512,P,4000,WAS@NYY 05/07/2021 07:05PM ET,NYY,12.45
RP,Tanner Rainey (17446532),Tanner Rainey,17446532,P,4000,WAS@NYY 05/07/2021 07:05PM ET,WAS,0.66
SP,Rogelio Armenteros (17446563),Rogelio Armenteros,17446563,P,4000,WAS@NYY 05/07/2021 07:05PM ET,WAS,0
RP,Luis Gil (17446569),Luis Gil,17446569,P,4000,WAS@NYY 05/07/2021 07:05PM ET,NYY,0
SP,Deivi Garcia (17446591),Deivi Garcia,17446591,P,4000,WAS@NYY 05/07/2021 07:05PM ET,NYY,9.4
RP,Brooks Kriske (17446620),Brooks Kriske,17446620,P,4000,WAS@NYY 05/07/2021 07:05PM ET,NYY,0.45
RP,Reggie McClain (17446624),Reggie McClain,17446624,P,4000,WAS@NYY 05/07/2021 07:05PM ET,NYY,0
RP,Ben Braymer (17446632),Ben Braymer,17446632,P,4000,WAS@NYY 05/07/2021 07:05PM ET,WAS,0
SP,Luis Medina (17446647),Luis Medina,17446647,P,4000,WAS@NYY 05/07/2021 07:05PM ET,NYY,0
SP,Joan Adon (17446665),Joan Adon,17446665,P,4000,WAS@NYY 05/07/2021 07:05PM ET,WAS,0
SP,Clarke Schmidt (17446675),Clarke Schmidt,17446675,P,4000,WAS@NYY 05/07/2021 07:05PM ET,NYY,0
RP,Addison Russ (17446695),Addison Russ,17446695,P,4000,WAS@NYY 05/07/2021 07:05PM ET,NYY,0
SP,Cade Cavalli (17446699),Cade Cavalli,17446699,P,4000,WAS@NYY 05/07/2021 07:05PM ET,WAS,0
SP,Yoendrys Gomez (17446704),Yoendrys Gomez,17446704,P,4000,WAS@NYY 05/07/2021 07:05PM ET,NYY,0
SP,Tyler Dyson (17446711),Tyler Dyson,17446711,P,4000,WAS@NYY 05/07/2021 07:05PM ET,WAS,0
RP,Matt Cronin (17446712),Matt Cronin,17446712,P,4000,WAS@NYY 05/07/2021 07:05PM ET,WAS,0
SP,Cole Henry (17446738),Cole Henry,17446738,P,4000,WAS@NYY 05/07/2021 07:05PM ET,WAS,0
SP,Jackson Rutledge (17446751),Jackson Rutledge,17446751,P,4000,WAS@NYY 05/07/2021 07:05PM ET,WAS,0
RP,Oliver Perez (17445855),Oliver Perez,17445855,P,4000,CIN@CLE 05/07/2021 07:10PM ET,CLE,2.53
RP,Blake Parker (17445894),Blake Parker,17445894,P,4000,CIN@CLE 05/07/2021 07:10PM ET,CLE,0
RP,Sean Doolittle (17445919),Sean Doolittle,17445919,P,4000,CIN@CLE 05/07/2021 07:10PM ET,CIN,3.33
RP,Anthony Gose (17445941),Anthony Gose,17445941,P,4000,CIN@CLE 05/07/2021 07:10PM ET,CLE,0
RP,Brad Brach (17445969),Brad Brach,17445969,P,4000,CIN@CLE 05/07/2021 07:10PM ET,CIN,0
RP,Bryan Shaw (17445980),Bryan Shaw,17445980,P,4000,CIN@CLE 05/07/2021 07:10PM ET,CLE,3.8
RP,Josh Osich (17446090),Josh Osich,17446090,P,4000,CIN@CLE 05/07/2021 07:10PM ET,CIN,0
RP,Heath Hembree (17446091),Heath Hembree,17446091,P,4000,CIN@CLE 05/07/2021 07:10PM ET,CIN,5.11
RP,R.J. Alaniz (17446124),R.J. Alaniz,17446124,P,4000,CIN@CLE 05/07/2021 07:10PM ET,CIN,0
RP,DJ Johnson (17446131),DJ Johnson,17446131,P,4000,CIN@CLE 05/07/2021 07:10PM ET,CLE,0
RP,Amir Garrett (17446201),Amir Garrett,17446201,P,4000,CIN@CLE 05/07/2021 07:10PM ET,CIN,0.24
SP,Sal Romano (17446204),Sal Romano,17446204,P,4000,CIN@CLE 05/07/2021 07:10PM ET,CIN,1.66
SP,Brandon Finnegan (17446222),Brandon Finnegan,17446222,P,4000,CIN@CLE 05/07/2021 07:10PM ET,CIN,0
RP,Nick Wittgren (17446233),Nick Wittgren,17446233,P,4000,CIN@CLE 05/07/2021 07:10PM ET,CLE,2.98
SP,Lucas Sims (17446258),Lucas Sims,17446258,P,4000,CIN@CLE 05/07/2021 07:10PM ET,CIN,2.98
SP,Carson Fulmer (17446278),Carson Fulmer,17446278,P,4000,CIN@CLE 05/07/2021 07:10PM ET,CIN,2.93
SP,Tejay Antone (17446280),Tejay Antone,17446280,P,4000,CIN@CLE 05/07/2021 07:10PM ET,CIN,6.82
RP,Ashton Goudeau (17446281),Ashton Goudeau,17446281,P,4000,CIN@CLE 05/07/2021 07:10PM ET,CIN,0
SP,Braden Shipley (17446333),Braden Shipley,17446333,P,4000,CIN@CLE 05/07/2021 07:10PM ET,CIN,0
RP,Shane Carle (17446357),Shane Carle,17446357,P,4000,CIN@CLE 05/07/2021 07:10PM ET,CIN,0
RP,Ryan Hendrix (17446360),Ryan Hendrix,17446360,P,4000,CIN@CLE 05/07/2021 07:10PM ET,CIN,4.59
SP,Cal Quantrill (17446372),Cal Quantrill,17446372,P,4000,CIN@CLE 05/07/2021 07:10PM ET,CLE,3.02
SP,Scott Moss (17446378),Scott Moss,17446378,P,4000,CIN@CLE 05/07/2021 07:10PM ET,CLE,0
RP,Cam Hill (17446435),Cam Hill,17446435,P,4000,CIN@CLE 05/07/2021 07:10PM ET,CLE,0
RP,Jean Carlos Mejia (17446452),Jean Carlos Mejia,17446452,P,4000,CIN@CLE 05/07/2021 07:10PM ET,CLE,0
RP,Bo Takahashi (17446458),Bo Takahashi,17446458,P,4000,CIN@CLE 05/07/2021 07:10PM ET,CIN,0
RP,Edgar Garcia (17446460),Edgar Garcia,17446460,P,4000,CIN@CLE 05/07/2021 07:10PM ET,CIN,0
RP,Hector Perez (17446484),Hector Perez,17446484,P,4000,CIN@CLE 05/07/2021 07:10PM ET,CIN,0
RP,Emmanuel Clase (17446487),Emmanuel Clase,17446487,P,4000,CIN@CLE 05/07/2021 07:10PM ET,CLE,4.08
RP,Brandon Bailey (17446495),Brandon Bailey,17446495,P,4000,CIN@CLE 05/07/2021 07:10PM ET,CIN,0
SP,Tony Santillan (17446529),Tony Santillan,17446529,P,4000,CIN@CLE 05/07/2021 07:10PM ET,CIN,0
RP,Phil Maton (17446546),Phil Maton,17446546,P,4000,CIN@CLE 05/07/2021 07:10PM ET,CLE,3.21
RP,Art Warren (17446547),Art Warren,17446547,P,4000,CIN@CLE 05/07/2021 07:10PM ET,CIN,0
RP,James Karinchak (17446579),James Karinchak,17446579,P,4000,CIN@CLE 05/07/2021 07:10PM ET,CLE,5.47
RP,Kyle Nelson (17446582),Kyle Nelson,17446582,P,4000,CIN@CLE 05/07/2021 07:10PM ET,CLE,3.95
SP,Eli Morgan (17446588),Eli Morgan,17446588,P,4000,CIN@CLE 05/07/2021 07:10PM ET,CLE,0
SP,Nick Lodolo (17446609),Nick Lodolo,17446609,P,4000,CIN@CLE 05/07/2021 07:10PM ET,CIN,0
SP,Trevor Stephan (17446631),Trevor Stephan,17446631,P,4000,CIN@CLE 05/07/2021 07:10PM ET,CLE,3.6
RP,Phillip Diehl (17446633),Phillip Diehl,17446633,P,4000,CIN@CLE 05/07/2021 07:10PM ET,CIN,0
SP,Vladimir Gutierrez (17446650),Vladimir Gutierrez,17446650,P,4000,CIN@CLE 05/07/2021 07:10PM ET,CIN,0
RP,Cionel Perez (17446651),Cionel Perez,17446651,P,4000,CIN@CLE 05/07/2021 07:10PM ET,CIN,1.51
RP,Nick Sandlin (17446669),Nick Sandlin,17446669,P,4000,CIN@CLE 05/07/2021 07:10PM ET,CLE,5.92
SP,Hunter Greene (17446671),Hunter Greene,17446671,P,4000,CIN@CLE 05/07/2021 07:10PM ET,CIN,0
RP,Riley O'Brien (17446691),Riley O'Brien,17446691,P,4000,CIN@CLE 05/07/2021 07:10PM ET,CIN,0
SP,Lyon Richardson (17446726),Lyon Richardson,17446726,P,4000,CIN@CLE 05/07/2021 07:10PM ET,CIN,0
SP,Carlos Vargas (17446742),Carlos Vargas,17446742,P,4000,CIN@CLE 05/07/2021 07:10PM ET,CLE,0
RP,Robbie Ross Jr. (17445943),Robbie Ross Jr.,17445943,P,4000,MIN@DET 05/07/2021 07:10PM ET,DET,0
RP,Andrew Albers (17445955),Andrew Albers,17445955,P,4000,MIN@DET 05/07/2021 07:10PM ET,MIN,0
RP,Danny Coulombe (17445971),Danny Coulombe,17445971,P,4000,MIN@DET 05/07/2021 07:10PM ET,MIN,0
RP,Alex Colome (17445987),Alex Colome,17445987,P,4000,MIN@DET 05/07/2021 07:10PM ET,MIN,2.17
RP,Ian Krol (17446002),Ian Krol,17446002,P,4000,MIN@DET 05/07/2021 07:10PM ET,DET,0
SP,Drew Hutchison (17446010),Drew Hutchison,17446010,P,4000,MIN@DET 05/07/2021 07:10PM ET,DET,0
RP,Caleb Thielbar (17446016),Caleb Thielbar,17446016,P,4000,MIN@DET 05/07/2021 07:10PM ET,MIN,4.92
RP,Derek Law (17446017),Derek Law,17446017,P,4000,MIN@DET 05/07/2021 07:10PM ET,MIN,0
RP,Taylor Rogers (17446026),Taylor Rogers,17446026,P,4000,MIN@DET 05/07/2021 07:10PM ET,MIN,4.26
RP,Juan Minaya (17446033),Juan Minaya,17446033,P,4000,MIN@DET 05/07/2021 07:10PM ET,MIN,0
RP,Buck Farmer (17446034),Buck Farmer,17446034,P,4000,MIN@DET 05/07/2021 07:10PM ET,DET,-0.03
RP,Jose Cisnero (17446044),Jose Cisnero,17446044,P,4000,MIN@DET 05/07/2021 07:10PM ET,DET,2.45
RP,Erasmo Ramirez (17446045),Erasmo Ramirez,17446045,P,4000,MIN@DET 05/07/2021 07:10PM ET,DET,0
RP,Hansel Robles (17446055),Hansel Robles,17446055,P,4000,MIN@DET 05/07/2021 07:10PM ET,MIN,2.22
RP,Miguel Del Pozo (17446163),Miguel Del Pozo,17446163,P,4000,MIN@DET 05/07/2021 07:10PM ET,DET,0
RP,Chandler Shepherd (17446220),Chandler Shepherd,17446220,P,4000,MIN@DET 05/07/2021 07:10PM ET,MIN,0
RP,Andrew Vasquez (17446221),Andrew Vasquez,17446221,P,4000,MIN@DET 05/07/2021 07:10PM ET,MIN,0
RP,Tyler Duffey (17446228),Tyler Duffey,17446228,P,4000,MIN@DET 05/07/2021 07:10PM ET,MIN,2.2
RP,Luke Farrell (17446230),Luke Farrell,17446230,P,4000,MIN@DET 05/07/2021 07:10PM ET,MIN,3.05
RP,Robinson Leyer (17446247),Robinson Leyer,17446247,P,4000,MIN@DET 05/07/2021 07:10PM ET,MIN,0
SP,Gregory Soto (17446327),Gregory Soto,17446327,P,4000,MIN@DET 05/07/2021 07:10PM ET,DET,3.16
RP,Glenn Sparkman (17446364),Glenn Sparkman,17446364,P,4000,MIN@DET 05/07/2021 07:10PM ET,MIN,0
SP,Logan Shore (17446371),Logan Shore,17446371,P,4000,MIN@DET 05/07/2021 07:10PM ET,DET,0
SP,Shaun Anderson (17446381),Shaun Anderson,17446381,P,4000,MIN@DET 05/07/2021 07:10PM ET,MIN,0
RP,Lewis Thorpe (17446382),Lewis Thorpe,17446382,P,4000,MIN@DET 05/07/2021 07:10PM ET,MIN,5.5
RP,Joe Jimenez (17446385),Joe Jimenez,17446385,P,4000,MIN@DET 05/07/2021 07:10PM ET,DET,-3.98
SP,Kyle Funkhouser (17446393),Kyle Funkhouser,17446393,P,4000,MIN@DET 05/07/2021 07:10PM ET,DET,5.3
RP,Devin Smeltzer (17446448),Devin Smeltzer,17446448,P,4000,MIN@DET 05/07/2021 07:10PM ET,MIN,14.1
RP,Ian Gibaut (17446467),Ian Gibaut,17446467,P,4000,MIN@DET 05/07/2021 07:10PM ET,MIN,0
RP,Jorge Alcala (17446485),Jorge Alcala,17446485,P,4000,MIN@DET 05/07/2021 07:10PM ET,MIN,3.20
SP,Franklin Perez (17446498),Franklin Perez,17446498,P,4000,MIN@DET 05/07/2021 07:10PM ET,DET,0
RP,Bryan Garcia (17446504),Bryan Garcia,17446504,P,4000,MIN@DET 05/07/2021 07:10PM ET,DET,1.99
RP,Ian Hamilton (17446506),Ian Hamilton,17446506,P,4000,MIN@DET 05/07/2021 07:10PM ET,MIN,0
RP,Beau Burrows (17446520),Beau Burrows,17446520,P,4000,MIN@DET 05/07/2021 07:10PM ET,DET,0
SP,Andrew Moore (17446533),Andrew Moore,17446533,P,4000,MIN@DET 05/07/2021 07:10PM ET,DET,0
RP,Brandon Waddell (17446541),Brandon Waddell,17446541,P,4000,MIN@DET 05/07/2021 07:10PM ET,MIN,-1.7
RP,Ben Taylor (17446543),Ben Taylor,17446543,P,4000,MIN@DET 05/07/2021 07:10PM ET,DET,0
RP,Cody Stashak (17446550),Cody Stashak,17446550,P,4000,MIN@DET 05/07/2021 07:10PM ET,MIN,2.74
SP,Edwar Colina (17446594),Edwar Colina,17446594,P,4000,MIN@DET 05/07/2021 07:10PM ET,MIN,0
SP,Matt Manning (17446600),Matt Manning,17446600,P,4000,MIN@DET 05/07/2021 07:10PM ET,DET,0
SP,Jordan Balazovic (17446617),Jordan Balazovic,17446617,P,4000,MIN@DET 05/07/2021 07:10PM ET,MIN,0
RP,Zack Hess (17446639),Zack Hess,17446639,P,4000,MIN@DET 05/07/2021 07:10PM ET,DET,0
SP,Matt Canterino (17446660),Matt Canterino,17446660,P,4000,MIN@DET 05/07/2021 07:10PM ET,MIN,0
RP,Alex Lange (17446676),Alex Lange,17446676,P,4000,MIN@DET 05/07/2021 07:10PM ET,DET,2.19
RP,Randy Dobnak (17446707),Randy Dobnak,17446707,P,4000,MIN@DET 05/07/2021 07:10PM ET,MIN,2.24
2B,Jean Segura (17445984),Jean Segura,17445984,2B,3900,PHI@ATL 05/07/2021 07:20PM ET,PHI,6.47
3B,Austin Riley (17446526),Austin Riley,17446526,3B,3900,PHI@ATL 05/07/2021 07:20PM ET,ATL,6.03
OF,Adam Duvall (17446098),Adam Duvall,17446098,OF,3900,MIL@MIA 05/07/2021 07:10PM ET,MIA,6.55
C,James McCann (17446134),James McCann,17446134,C,3900,ARI@NYM 05/07/2021 07:10PM ET,NYM,4.25
1B,Willians Astudillo (17446046),Willians Astudillo,17446046,1B,3900,MIN@DET 05/07/2021 07:10PM ET,MIN,5.32
SS,Andrelton Simmons (17446086),Andrelton Simmons,17446086,SS,3900,MIN@DET 05/07/2021 07:10PM ET,MIN,5.65
3B,Jeimer Candelario (17446157),Jeimer Candelario,17446157,3B,3900,MIN@DET 05/07/2021 07:10PM ET,DET,7
2B/OF,Luis Arraez (17446397),Luis Arraez,17446397,2B/OF,3900,MIN@DET 05/07/2021 07:10PM ET,MIN,7
2B/OF,Ehire Adrianza (17445981),Ehire Adrianza,17445981,2B/OF,3800,PHI@ATL 05/07/2021 07:20PM ET,ATL,4.43
2B,Kolten Wong (17445970),Kolten Wong,17445970,2B,3800,MIL@MIA 05/07/2021 07:10PM ET,MIL,6.81
C,Omar Narvaez (17446047),Omar Narvaez,17446047,C,3800,MIL@MIA 05/07/2021 07:10PM ET,MIL,7.09
3B,Jon Berti (17446192),Jon Berti,17446192,3B,3800,MIL@MIA 05/07/2021 07:10PM ET,MIA,4.81
1B,Christian Walker (17446038),Christian Walker,17446038,1B,3800,ARI@NYM 05/07/2021 07:10PM ET,ARI,5.33
3B,J.D. Davis (17446184),J.D. Davis,17446184,3B,3800,ARI@NYM 05/07/2021 07:10PM ET,NYM,7.57
C,Pedro Severino (17446197),Pedro Severino,17446197,C,3800,BOS@BAL 05/07/2021 07:05PM ET,BAL,4.27
2B,Rougned Odor (17446191),Rougned Odor,17446191,2B,3800,WAS@NYY 05/07/2021 07:05PM ET,NYY,6
OF,Tyler Naquin (17446020),Tyler Naquin,17446020,OF,3800,CIN@CLE 05/07/2021 07:10PM ET,CIN,8.08
1B/OF,Josh Naylor (17446517),Josh Naylor,17446517,1B/OF,3800,CIN@CLE 05/07/2021 07:10PM ET,CLE,5.85
SS,Didi Gregorius (17445988),Didi Gregorius,17445988,SS,3700,PHI@ATL 05/07/2021 07:20PM ET,PHI,6.78
OF,Brandon Nimmo (17446166),Brandon Nimmo,17446166,OF,3700,ARI@NYM 05/07/2021 07:10PM ET,NYM,6.95
1B,Ryan Zimmerman (17445877),Ryan Zimmerman,17445877,1B,3700,WAS@NYY 05/07/2021 07:05PM ET,WAS,6.21
2B,Cesar Hernandez (17446027),Cesar Hernandez,17446027,2B,3700,CIN@CLE 05/07/2021 07:10PM ET,CLE,5.76
1B/OF,Alex Kirilloff (17446603),Alex Kirilloff,17446603,1B/OF,3700,MIN@DET 05/07/2021 07:10PM ET,MIN,8.42
OF,Corey Dickerson (17446018),Corey Dickerson,17446018,OF,3600,MIL@MIA 05/07/2021 07:10PM ET,MIA,6.24
OF,Garrett Cooper (17446349),Garrett Cooper,17446349,OF,3600,MIL@MIA 05/07/2021 07:10PM ET,MIA,4.33
3B/OF,Andrew Young (17446640),Andrew Young,17446640,3B/OF,3600,ARI@NYM 05/07/2021 07:10PM ET,ARI,5
1B,Bobby Dalbec (17446468),Bobby Dalbec,17446468,1B,3600,BOS@BAL 05/07/2021 07:05PM ET,BOS,3.65
C,Kyle Higashioka (17445963),Kyle Higashioka,17445963,C,3600,WAS@NYY 05/07/2021 07:05PM ET,NYY,6.44
1B,Luke Voit (17446019),Luke Voit,17446019,1B,3600,WAS@NYY 05/07/2021 07:05PM ET,NYY,0
1B,Josh Bell (17446168),Josh Bell,17446168,1B,3600,WAS@NYY 05/07/2021 07:05PM ET,WAS,5.94
3B,Mike Moustakas (17445909),Mike Moustakas,17445909,3B,3600,CIN@CLE 05/07/2021 07:10PM ET,CIN,6.90
C,Tucker Barnhart (17446007),Tucker Barnhart,17446007,C,3600,CIN@CLE 05/07/2021 07:10PM ET,CIN,6.91
OF/SS,Amed Rosario (17446319),Amed Rosario,17446319,SS/OF,3600,CIN@CLE 05/07/2021 07:10PM ET,CLE,5.23
OF,Jordan Luplow (17446392),Jordan Luplow,17446392,OF,3600,CIN@CLE 05/07/2021 07:10PM ET,CLE,7.22
2B/SS,Willi Castro (17446455),Willi Castro,17446455,2B/SS,3600,MIN@DET 05/07/2021 07:10PM ET,DET,4.41
OF,Akil Baddoo (17446611),Akil Baddoo,17446611,OF,3600,MIN@DET 05/07/2021 07:10PM ET,DET,6.38
C,William Contreras (17446478),William Contreras,17446478,C,3500,PHI@ATL 05/07/2021 07:20PM ET,ATL,11.67
OF,Lorenzo Cain (17445876),Lorenzo Cain,17445876,OF,3500,MIL@MIA 05/07/2021 07:10PM ET,MIL,8.73
C,Jacob Nottingham (17446345),Jacob Nottingham,17446345,C,3500,MIL@MIA 05/07/2021 07:10PM ET,MIL,15
2B,Isan Diaz (17446418),Isan Diaz,17446418,2B,3500,MIL@MIA 05/07/2021 07:10PM ET,MIA,6.33
1B/3B,Asdrubal Cabrera (17445869),Asdrubal Cabrera,17445869,1B/3B,3500,ARI@NYM 05/07/2021 07:10PM ET,ARI,6.82
2B/3B,Jonathan Villar (17446041),Jonathan Villar,17446041,2B/3B,3500,ARI@NYM 05/07/2021 07:10PM ET,NYM,4
1B/OF,Wyatt Mathisen (17446261),Wyatt Mathisen,17446261,1B/OF,3500,ARI@NYM 05/07/2021 07:10PM ET,ARI,2.61
1B/2B,Marwin Gonzalez (17445905),Marwin Gonzalez,17445905,1B/2B,3500,BOS@BAL 05/07/2021 07:05PM ET,BOS,5.73
OF,Anthony Santander (17446297),Anthony Santander,17446297,OF,3500,BOS@BAL 05/07/2021 07:05PM ET,BAL,5.2
2B/SS,Pat Valaika (17446308),Pat Valaika,17446308,2B/SS,3500,BOS@BAL 05/07/2021 07:05PM ET,BAL,3.75
C,Yan Gomes (17446008),Yan Gomes,17446008,C,3500,WAS@NYY 05/07/2021 07:05PM ET,WAS,6.41
OF,Eddie Rosario (17446087),Eddie Rosario,17446087,OF,3500,CIN@CLE 05/07/2021 07:10PM ET,CLE,7.57
1B/2B,Keston Hiura (17446672),Keston Hiura,17446672,1B/2B,3400,MIL@MIA 05/07/2021 07:10PM ET,MIL,4.12
SS,Freddy Galvis (17445933),Freddy Galvis,17445933,SS,3400,BOS@BAL 05/07/2021 07:05PM ET,BAL,6.8
C,Tyler Stephenson (17446516),Tyler Stephenson,17446516,C,3400,CIN@CLE 05/07/2021 07:10PM ET,CIN,5
OF,Robbie Grossman (17445956),Robbie Grossman,17445956,OF,3400,MIN@DET 05/07/2021 07:10PM ET,DET,6.9
C,Dustin Garneau (17446013),Dustin Garneau,17446013,C,3400,MIN@DET 05/07/2021 07:10PM ET,DET,0
OF,Max Kepler (17446106),Max Kepler,17446106,OF,3400,MIN@DET 05/07/2021 07:10PM ET,MIN,6.8
3B,Alec Bohm (17446658),Alec Bohm,17446658,3B,3300,PHI@ATL 05/07/2021 07:20PM ET,PHI,5.97
3B,Travis Shaw (17446139),Travis Shaw,17446139,3B,3300,MIL@MIA 05/07/2021 07:10PM ET,MIL,6.72
2B/3B,Luis Guillorme (17446353),Luis Guillorme,17446353,2B/3B,3300,ARI@NYM 05/07/2021 07:10PM ET,NYM,2.29
1B,Danny Santana (17446043),Danny Santana,17446043,1B,3300,BOS@BAL 05/07/2021 07:05PM ET,BOS,0
3B,Maikel Franco (17446107),Maikel Franco,17446107,3B,3300,BOS@BAL 05/07/2021 07:05PM ET,BAL,6.38
OF,Austin Hays (17446511),Austin Hays,17446511,OF,3300,BOS@BAL 05/07/2021 07:05PM ET,BAL,7.78
2B/OF,Josh Harrison (17445958),Josh Harrison,17445958,2B/OF,3300,WAS@NYY 05/07/2021 07:05PM ET,WAS,7.95
1B,Miguel Sano (17446074),Miguel Sano,17446074,1B,3300,MIN@DET 05/07/2021 07:10PM ET,MIN,4.71
1B,Pablo Sandoval (17445874),Pablo Sandoval,17445874,1B,3200,PHI@ATL 05/07/2021 07:20PM ET,ATL,3.61
C,Chad Wallach (17446122),Chad Wallach,17446122,C,3200,MIL@MIA 05/07/2021 07:10PM ET,MIA,3.67
SS,Nick Ahmed (17446136),Nick Ahmed,17446136,SS,3200,ARI@NYM 05/07/2021 07:10PM ET,ARI,3.44
C/OF,Daulton Varsho (17446685),Daulton Varsho,17446685,C/OF,3200,ARI@NYM 05/07/2021 07:10PM ET,ARI,3.75
OF,Hunter Renfroe (17446115),Hunter Renfroe,17446115,OF,3200,BOS@BAL 05/07/2021 07:05PM ET,BOS,5.71
2B,Christian Arroyo (17446337),Christian Arroyo,17446337,2B,3200,BOS@BAL 05/07/2021 07:05PM ET,BOS,5.04
OF,Kyle Schwarber (17446313),Kyle Schwarber,17446313,OF,3200,WAS@NYY 05/07/2021 07:05PM ET,WAS,5.4
C,Roberto Perez (17445899),Roberto Perez,17445899,C,3200,CIN@CLE 05/07/2021 07:10PM ET,CLE,5.58
1B,Miguel Cabrera (17445865),Miguel Cabrera,17445865,1B,3200,MIN@DET 05/07/2021 07:10PM ET,DET,3.88
OF,JaCoby Jones (17446105),JaCoby Jones,17446105,OF,3200,MIN@DET 05/07/2021 07:10PM ET,DET,3.78
1B/OF,Brad Miller (17446169),Brad Miller,17446169,1B/OF,3100,PHI@ATL 05/07/2021 07:20PM ET,PHI,4.86
SS,Luis Urias (17446406),Luis Urias,17446406,SS,3100,MIL@MIA 05/07/2021 07:10PM ET,MIL,5.66
OF,Tim Locastro (17446365),Tim Locastro,17446365,OF,3100,ARI@NYM 05/07/2021 07:10PM ET,ARI,5.65
2B/OF,Nick Senzel (17446479),Nick Senzel,17446479,2B/OF,3100,CIN@CLE 05/07/2021 07:10PM ET,CIN,5.30
1B,Jonathan Schoop (17446059),Jonathan Schoop,17446059,1B,3100,MIN@DET 05/07/2021 07:10PM ET,DET,4.11
OF,Avisail Garcia (17445990),Avisail Garcia,17445990,OF,3000,MIL@MIA 05/07/2021 07:10PM ET,MIL,7.14
OF,Jackie Bradley Jr. (17446061),Jackie Bradley Jr.,17446061,OF,3000,MIL@MIA 05/07/2021 07:10PM ET,MIL,5.17
3B,Brian Anderson (17446199),Brian Anderson,17446199,3B,3000,MIL@MIA 05/07/2021 07:10PM ET,MIA,5.63
OF,Kole Calhoun (17446067),Kole Calhoun,17446067,OF,3000,ARI@NYM 05/07/2021 07:10PM ET,ARI,7.31
OF,Aaron Hicks (17445937),Aaron Hicks,17445937,OF,3000,WAS@NYY 05/07/2021 07:05PM ET,NYY,6.07
1B,Mike Ford (17446305),Mike Ford,17446305,1B,3000,WAS@NYY 05/07/2021 07:05PM ET,NYY,4.27
OF,Clint Frazier (17446330),Clint Frazier,17446330,OF,3000,WAS@NYY 05/07/2021 07:05PM ET,NYY,4.46
2B,Jonathan India (17446554),Jonathan India,17446554,2B,3000,CIN@CLE 05/07/2021 07:10PM ET,CIN,5.87
C,Grayson Greiner (17446422),Grayson Greiner,17446422,C,3000,MIN@DET 05/07/2021 07:10PM ET,DET,3.82
2B,Zack Short (17446482),Zack Short,17446482,2B,3000,MIN@DET 05/07/2021 07:10PM ET,DET,3.5
OF,Brent Rooker (17446574),Brent Rooker,17446574,OF,3000,MIN@DET 05/07/2021 07:10PM ET,MIN,3.25
2B,Jason Kipnis (17445949),Jason Kipnis,17445949,2B,2900,PHI@ATL 05/07/2021 07:20PM ET,ATL,0
OF,Guillermo Heredia (17446316),Guillermo Heredia,17446316,OF,2900,PHI@ATL 05/07/2021 07:20PM ET,ATL,8.31
C,Manny Pina (17445882),Manny Pina,17445882,C,2900,MIL@MIA 05/07/2021 07:10PM ET,MIL,5
OF,Kevin Pillar (17446142),Kevin Pillar,17446142,OF,2900,ARI@NYM 05/07/2021 07:10PM ET,NYM,4.94
2B,Josh VanMeter (17446347),Josh VanMeter,17446347,2B,2900,ARI@NYM 05/07/2021 07:10PM ET,ARI,3.11
3B/OF,Yairo Munoz (17446235),Yairo Munoz,17446235,3B/OF,2900,BOS@BAL 05/07/2021 07:05PM ET,BOS,0
2B/SS,Jonathan Arauz (17446564),Jonathan Arauz,17446564,2B/SS,2900,BOS@BAL 05/07/2021 07:05PM ET,BOS,0
C,Austin Hedges (17446179),Austin Hedges,17446179,C,2900,CIN@CLE 05/07/2021 07:10PM ET,CLE,4
C,Ryan Jeffers (17446727),Ryan Jeffers,17446727,C,2900,MIN@DET 05/07/2021 07:10PM ET,MIN,2.82
2B/SS,Nick Maton (17446559),Nick Maton,17446559,2B/SS,2800,PHI@ATL 05/07/2021 07:20PM ET,PHI,4.41
2B,Jose Peraza (17446154),Jose Peraza,17446154,2B,2800,ARI@NYM 05/07/2021 07:10PM ET,NYM,1.67
1B/OF,Nicky Delmonico (17446185),Nicky Delmonico,17446185,1B/OF,2800,CIN@CLE 05/07/2021 07:10PM ET,CIN,0
C,Andrew Knapp (17446121),Andrew Knapp,17446121,C,2700,PHI@ATL 05/07/2021 07:20PM ET,PHI,2.75
C,Kevin Plawecki (17446229),Kevin Plawecki,17446229,C,2700,BOS@BAL 05/07/2021 07:05PM ET,BOS,4.46
2B/3B,Rio Ruiz (17446268),Rio Ruiz,17446268,2B/3B,2700,BOS@BAL 05/07/2021 07:05PM ET,BAL,4.88
3B,Starlin Castro (17445979),Starlin Castro,17445979,3B,2700,WAS@NYY 05/07/2021 07:05PM ET,WAS,5.22
OF,Yadiel Hernandez (17446317),Yadiel Hernandez,17446317,OF,2700,WAS@NYY 05/07/2021 07:05PM ET,WAS,4.65
3B,Kyle Farmer (17446225),Kyle Farmer,17446225,3B,2700,CIN@CLE 05/07/2021 07:10PM ET,CIN,3.04
SS,Andres Gimenez (17446592),Andres Gimenez,17446592,SS,2700,CIN@CLE 05/07/2021 07:10PM ET,CLE,4.29
3B/SS,Orlando Arcia (17446155),Orlando Arcia,17446155,3B/SS,2600,PHI@ATL 05/07/2021 07:20PM ET,ATL,1.25
C,Sandy Leon (17445930),Sandy Leon,17445930,C,2600,MIL@MIA 05/07/2021 07:10PM ET,MIA,2.73
1B,Daniel Vogelbach (17446172),Daniel Vogelbach,17446172,1B,2600,MIL@MIA 05/07/2021 07:10PM ET,MIL,3.37
2B/OF,Jace Peterson (17446180),Jace Peterson,17446180,2B/OF,2600,MIL@MIA 05/07/2021 07:10PM ET,MIL,5.1
1B,Ryan Mountcastle (17446522),Ryan Mountcastle,17446522,1B,2600,BOS@BAL 05/07/2021 07:05PM ET,BAL,4.79
3B/OF,Miguel Andujar (17446292),Miguel Andujar,17446292,3B/OF,2600,WAS@NYY 05/07/2021 07:05PM ET,NYY,0
1B,Jake Bauers (17446350),Jake Bauers,17446350,1B,2600,CIN@CLE 05/07/2021 07:10PM ET,CLE,2.56
OF,Victor Reyes (17446239),Victor Reyes,17446239,OF,2600,MIN@DET 05/07/2021 07:10PM ET,DET,3.6
OF,Kyle Garlick (17446556),Kyle Garlick,17446556,OF,2600,MIN@DET 05/07/2021 07:10PM ET,MIN,4.13
3B/SS,Ronald Torreyes (17446065),Ronald Torreyes,17446065,3B/SS,2500,PHI@ATL 05/07/2021 07:20PM ET,PHI,1
C,Alex Jackson (17446409),Alex Jackson,17446409,C,2500,PHI@ATL 05/07/2021 07:20PM ET,ATL,1.7
C,Jorge Alfaro (17446129),Jorge Alfaro,17446129,C,2500,MIL@MIA 05/07/2021 07:10PM ET,MIA,4.1
3B/SS,Pablo Reyes (17446240),Pablo Reyes,17446240,3B/SS,2500,MIL@MIA 05/07/2021 07:10PM ET,MIL,1.62
C,Caleb Joseph (17445961),Caleb Joseph,17445961,C,2500,ARI@NYM 05/07/2021 07:10PM ET,NYM,0
SS,Geraldo Perdomo (17446664),Geraldo Perdomo,17446664,SS,2500,ARI@NYM 05/07/2021 07:10PM ET,ARI,2.75
2B/SS,Ramon Urias (17446161),Ramon Urias,17446161,2B/SS,2500,BOS@BAL 05/07/2021 07:05PM ET,BAL,2.58
2B/3B,Jordy Mercer (17445945),Jordy Mercer,17445945,2B/3B,2500,WAS@NYY 05/07/2021 07:05PM ET,WAS,2.73
C,Ryan Lavarnway (17445960),Ryan Lavarnway,17445960,C,2500,CIN@CLE 05/07/2021 07:10PM ET,CLE,0
1B/2B,Harold Castro (17446150),Harold Castro,17446150,1B/2B,2500,MIN@DET 05/07/2021 07:10PM ET,DET,2.89
OF,Nomar Mazara (17446296),Nomar Mazara,17446296,OF,2500,MIN@DET 05/07/2021 07:10PM ET,DET,5.08
C,Ben Rortvedt (17446608),Ben Rortvedt,17446608,C,2500,MIN@DET 05/07/2021 07:10PM ET,MIN,2.25
OF,Roman Quinn (17446171),Roman Quinn,17446171,OF,2400,PHI@ATL 05/07/2021 07:20PM ET,PHI,3.42
2B/OF,Scott Kingery (17446469),Scott Kingery,17446469,2B/OF,2400,PHI@ATL 05/07/2021 07:20PM ET,PHI,0.33
OF,Mickey Moniak (17446597),Mickey Moniak,17446597,OF,2400,PHI@ATL 05/07/2021 07:20PM ET,PHI,3.09
1B/3B,Brandon Drury (17446101),Brandon Drury,17446101,1B/3B,2400,ARI@NYM 05/07/2021 07:10PM ET,NYM,0
C,Chance Sisco (17446343),Chance Sisco,17446343,C,2400,BOS@BAL 05/07/2021 07:05PM ET,BAL,2.62
1B,Michael Chavis (17446412),Michael Chavis,17446412,1B,2400,BOS@BAL 05/07/2021 07:05PM ET,BOS,2
OF,Brett Gardner (17445880),Brett Gardner,17445880,OF,2400,WAS@NYY 05/07/2021 07:05PM ET,NYY,3.14
OF,Ben Gamel (17446094),Ben Gamel,17446094,OF,2400,CIN@CLE 05/07/2021 07:10PM ET,CLE,1.18
OF,Cristian Pache (17446590),Cristian Pache,17446590,OF,2300,PHI@ATL 05/07/2021 07:20PM ET,ATL,3.12
OF,Nick Heath (17446627),Nick Heath,17446627,OF,2300,ARI@NYM 05/07/2021 07:10PM ET,ARI,3.1
OF,Franchy Cordero (17446242),Franchy Cordero,17446242,OF,2300,BOS@BAL 05/07/2021 07:05PM ET,BOS,3.38
OF,DJ Stewart (17446284),DJ Stewart,17446284,OF,2300,BOS@BAL 05/07/2021 07:05PM ET,BAL,5.3
C,Alex Avila (17445953),Alex Avila,17445953,C,2300,WAS@NYY 05/07/2021 07:05PM ET,WAS,4
C,Rene Rivera (17445857),Rene Rivera,17445857,C,2300,CIN@CLE 05/07/2021 07:10PM ET,CLE,13
OF,Aristides Aquino (17446159),Aristides Aquino,17446159,OF,2300,CIN@CLE 05/07/2021 07:10PM ET,CIN,3.7
1B,Aaron Sabato (17446759),Aaron Sabato,17446759,1B,2300,MIN@DET 05/07/2021 07:10PM ET,MIN,0
SS,Ryan Goins (17446000),Ryan Goins,17446000,SS,2200,PHI@ATL 05/07/2021 07:20PM ET,ATL,0
OF,Ender Inciarte (17446028),Ender Inciarte,17446028,OF,2200,PHI@ATL 05/07/2021 07:20PM ET,ATL,2.25
2B/3B,Yolmer Sanchez (17446057),Yolmer Sanchez,17446057,2B/3B,2200,PHI@ATL 05/07/2021 07:20PM ET,ATL,0
3B/SS,Johan Camargo (17446237),Johan Camargo,17446237,3B/SS,2200,PHI@ATL 05/07/2021 07:20PM ET,ATL,0.22
C,Rafael Marchan (17446593),Rafael Marchan,17446593,C,2200,PHI@ATL 05/07/2021 07:20PM ET,PHI,0
OF,Albert Almora Jr. (17446255),Albert Almora Jr.,17446255,OF,2200,ARI@NYM 05/07/2021 07:10PM ET,NYM,0.47
C,Tomas Nido (17446275),Tomas Nido,17446275,C,2200,ARI@NYM 05/07/2021 07:10PM ET,NYM,4.75
2B/SS,Tyler Wade (17446351),Tyler Wade,17446351,2B/SS,2200,WAS@NYY 05/07/2021 07:05PM ET,NYY,0.86
OF,Victor Robles (17446404),Victor Robles,17446404,OF,2200,WAS@NYY 05/07/2021 07:05PM ET,WAS,4.15
2B/SS,Mike Freeman (17446024),Mike Freeman,17446024,2B/SS,2200,CIN@CLE 05/07/2021 07:10PM ET,CIN,0
C,Beau Taylor (17446137),Beau Taylor,17446137,C,2200,CIN@CLE 05/07/2021 07:10PM ET,CIN,0
1B/3B,Alex Blandino (17446217),Alex Blandino,17446217,1B/3B,2200,CIN@CLE 05/07/2021 07:10PM ET,CIN,2.96
SS,Ernie Clement (17446583),Ernie Clement,17446583,SS,2200,CIN@CLE 05/07/2021 07:10PM ET,CLE,0
OF,Derek Hill (17446411),Derek Hill,17446411,OF,2200,MIN@DET 05/07/2021 07:10PM ET,DET,0
OF,Daz Cameron (17446523),Daz Cameron,17446523,OF,2200,MIN@DET 05/07/2021 07:10PM ET,DET,0
2B,Travis Blankenhorn (17446535),Travis Blankenhorn,17446535,2B,2200,MIN@DET 05/07/2021 07:10PM ET,MIN,2
C,Jeff Mathis (17445856),Jeff Mathis,17445856,C,2100,PHI@ATL 05/07/2021 07:20PM ET,ATL,0
OF,Phillip Ervin (17446306),Phillip Ervin,17446306,OF,2100,PHI@ATL 05/07/2021 07:20PM ET,ATL,0
OF,Lewis Brinson (17446259),Lewis Brinson,17446259,OF,2100,MIL@MIA 05/07/2021 07:10PM ET,MIA,2.89
OF,Magneuris Sierra (17446324),Magneuris Sierra,17446324,OF,2100,MIL@MIA 05/07/2021 07:10PM ET,MIA,1.68
OF,Billy McKinney (17446336),Billy McKinney,17446336,OF,2100,MIL@MIA 05/07/2021 07:10PM ET,MIL,4.03
OF,Cesar Puello (17445978),Cesar Puello,17445978,OF,2100,BOS@BAL 05/07/2021 07:05PM ET,BOS,0
2B,Jahmai Jones (17446531),Jahmai Jones,17446531,2B,2100,BOS@BAL 05/07/2021 07:05PM ET,BAL,0
C,Robinson Chirinos (17445858),Robinson Chirinos,17445858,C,2100,WAS@NYY 05/07/2021 07:05PM ET,NYY,0
OF,Greg Allen (17446391),Greg Allen,17446391,OF,2100,WAS@NYY 05/07/2021 07:05PM ET,NYY,0
OF,Andrew Stevenson (17446471),Andrew Stevenson,17446471,OF,2100,WAS@NYY 05/07/2021 07:05PM ET,WAS,3.12
OF,Mark Payton (17446114),Mark Payton,17446114,OF,2100,CIN@CLE 05/07/2021 07:10PM ET,CIN,0.7
OF,Dwight Smith Jr. (17446178),Dwight Smith Jr.,17446178,OF,2100,CIN@CLE 05/07/2021 07:10PM ET,CIN,0
OF,Harold Ramirez (17446300),Harold Ramirez,17446300,OF,2100,CIN@CLE 05/07/2021 07:10PM ET,CLE,7.75
2B,Owen Miller (17446667),Owen Miller,17446667,2B,2100,CIN@CLE 05/07/2021 07:10PM ET,CLE,0
SS,Jose Garcia (17446709),Jose Garcia,17446709,SS,2100,CIN@CLE 05/07/2021 07:10PM ET,CIN,0
SS,Aaron Bracho (17446744),Aaron Bracho,17446744,SS,2100,CIN@CLE 05/07/2021 07:10PM ET,CLE,0
OF,Jake Cave (17446188),Jake Cave,17446188,OF,2100,MIN@DET 05/07/2021 07:10PM ET,MIN,3.29
OF,Rob Refsnyder (17446231),Rob Refsnyder,17446231,OF,2100,MIN@DET 05/07/2021 07:10PM ET,MIN,0
3B/OF,Tzu-Wei Lin (17446301),Tzu-Wei Lin,17446301,3B/OF,2100,MIN@DET 05/07/2021 07:10PM ET,MIN,0
1B/SS,Sean Kazmar Jr. (17445867),Sean Kazmar Jr.,17445867,1B/SS,2000,PHI@ATL 05/07/2021 07:20PM ET,ATL,0
OF,Matt Joyce (17445881),Matt Joyce,17445881,OF,2000,PHI@ATL 05/07/2021 07:20PM ET,PHI,1.72
OF,Abraham Almonte (17445931),Abraham Almonte,17445931,OF,2000,PHI@ATL 05/07/2021 07:20PM ET,ATL,0
OF,Odubel Herrera (17446050),Odubel Herrera,17446050,OF,2000,PHI@ATL 05/07/2021 07:20PM ET,PHI,1.46
OF,Travis Jankowski (17446138),Travis Jankowski,17446138,OF,2000,PHI@ATL 05/07/2021 07:20PM ET,PHI,0
OF,Travis Demeritte (17446338),Travis Demeritte,17446338,OF,2000,PHI@ATL 05/07/2021 07:20PM ET,ATL,0
3B/SS,C.J. Chatham (17446502),C.J. Chatham,17446502,3B/SS,2000,PHI@ATL 05/07/2021 07:20PM ET,PHI,0
C,Jonathan Morales (17446553),Jonathan Morales,17446553,C,2000,PHI@ATL 05/07/2021 07:20PM ET,ATL,0
C,Rodolfo Duran (17446566),Rodolfo Duran,17446566,C,2000,PHI@ATL 05/07/2021 07:20PM ET,PHI,0
OF,Trey Harris (17446584),Trey Harris,17446584,OF,2000,PHI@ATL 05/07/2021 07:20PM ET,ATL,0
OF,Adam Haseley (17446586),Adam Haseley,17446586,OF,2000,PHI@ATL 05/07/2021 07:20PM ET,PHI,2
C,Shea Langeliers (17446635),Shea Langeliers,17446635,C,2000,PHI@ATL 05/07/2021 07:20PM ET,ATL,0
OF,Drew Waters (17446679),Drew Waters,17446679,OF,2000,PHI@ATL 05/07/2021 07:20PM ET,ATL,0
SS,Braden Shewmake (17446710),Braden Shewmake,17446710,SS,2000,PHI@ATL 05/07/2021 07:20PM ET,ATL,0
SS,Bryson Stott (17446713),Bryson Stott,17446713,SS,2000,PHI@ATL 05/07/2021 07:20PM ET,PHI,0
C,Logan O'Hoppe (17446736),Logan O'Hoppe,17446736,C,2000,PHI@ATL 05/07/2021 07:20PM ET,PHI,0
C,Logan Brown (17446737),Logan Brown,17446737,C,2000,PHI@ATL 05/07/2021 07:20PM ET,ATL,0
OF,Michael Harris (17446753),Michael Harris,17446753,OF,2000,PHI@ATL 05/07/2021 07:20PM ET,ATL,0
1B,Bryce Ball (17446754),Bryce Ball,17446754,1B,2000,PHI@ATL 05/07/2021 07:20PM ET,ATL,0
2B/SS,Dee Strange-Gordon (17445947),Dee Strange-Gordon,17445947,2B/SS,2000,MIL@MIA 05/07/2021 07:10PM ET,MIL,0
C,Luke Maile (17446031),Luke Maile,17446031,C,2000,MIL@MIA 05/07/2021 07:10PM ET,MIL,2.83
OF,Derek Fisher (17446187),Derek Fisher,17446187,OF,2000,MIL@MIA 05/07/2021 07:10PM ET,MIL,0
C,Santiago Chavez (17446248),Santiago Chavez,17446248,C,2000,MIL@MIA 05/07/2021 07:10PM ET,MIA,0
2B/SS,Daniel Robertson (17446253),Daniel Robertson,17446253,2B/SS,2000,MIL@MIA 05/07/2021 07:10PM ET,MIL,1.56
OF,Dylan Cozens (17446264),Dylan Cozens,17446264,OF,2000,MIL@MIA 05/07/2021 07:10PM ET,MIL,0
3B,Zach Green (17446266),Zach Green,17446266,3B,2000,MIL@MIA 05/07/2021 07:10PM ET,MIL,0
OF,Tyrone Taylor (17446267),Tyrone Taylor,17446267,OF,2000,MIL@MIA 05/07/2021 07:10PM ET,MIL,5.10
OF,Tim Lopes (17446270),Tim Lopes,17446270,OF,2000,MIL@MIA 05/07/2021 07:10PM ET,MIL,0
3B/OF,Dustin Peterson (17446339),Dustin Peterson,17446339,3B/OF,2000,MIL@MIA 05/07/2021 07:10PM ET,MIL,0
C,Brian Navarreto (17446346),Brian Navarreto,17446346,C,2000,MIL@MIA 05/07/2021 07:10PM ET,MIA,0
OF,Corey Ray (17446373),Corey Ray,17446373,OF,2000,MIL@MIA 05/07/2021 07:10PM ET,MIL,4
2B,Eddy Alvarez (17446387),Eddy Alvarez,17446387,2B,2000,MIL@MIA 05/07/2021 07:10PM ET,MIA,0
1B,Lewin Diaz (17446405),Lewin Diaz,17446405,1B,2000,MIL@MIA 05/07/2021 07:10PM ET,MIA,0
OF,Monte Harrison (17446414),Monte Harrison,17446414,OF,2000,MIL@MIA 05/07/2021 07:10PM ET,MIA,1
3B,Joe Dunand (17446449),Joe Dunand,17446449,3B,2000,MIL@MIA 05/07/2021 07:10PM ET,MIA,0
OF,Jesus Sanchez (17446477),Jesus Sanchez,17446477,OF,2000,MIL@MIA 05/07/2021 07:10PM ET,MIA,0
OF,Mark Mathias (17446536),Mark Mathias,17446536,OF,2000,MIL@MIA 05/07/2021 07:10PM ET,MIL,0
C,Christian Kelley (17446549),Christian Kelley,17446549,C,2000,MIL@MIA 05/07/2021 07:10PM ET,MIL,0
OF,Brian Miller (17446587),Brian Miller,17446587,OF,2000,MIL@MIA 05/07/2021 07:10PM ET,MIA,0
C,Mario Feliciano (17446612),Mario Feliciano,17446612,C,2000,MIL@MIA 05/07/2021 07:10PM ET,MIL,4
C,Payton Henry (17446619),Payton Henry,17446619,C,2000,MIL@MIA 05/07/2021 07:10PM ET,MIL,0
OF,JJ Bleday (17446636),JJ Bleday,17446636,OF,2000,MIL@MIA 05/07/2021 07:10PM ET,MIA,0
OF,Kameron Misner (17446638),Kameron Misner,17446638,OF,2000,MIL@MIA 05/07/2021 07:10PM ET,MIA,0
OF,Jerar Encarnacion (17446649),Jerar Encarnacion,17446649,OF,2000,MIL@MIA 05/07/2021 07:10PM ET,MIA,0
OF,Victor Victor Mesa (17446655),Victor Victor Mesa,17446655,OF,2000,MIL@MIA 05/07/2021 07:10PM ET,MIA,0
SS,Jose Devers (17446662),Jose Devers,17446662,SS,2000,MIL@MIA 05/07/2021 07:10PM ET,MIA,1.71
OF,Tristen Lutz (17446678),Tristen Lutz,17446678,OF,2000,MIL@MIA 05/07/2021 07:10PM ET,MIL,0
OF,Garrett Mitchell (17446693),Garrett Mitchell,17446693,OF,2000,MIL@MIA 05/07/2021 07:10PM ET,MIL,0
SS,Freddy Zamora (17446715),Freddy Zamora,17446715,SS,2000,MIL@MIA 05/07/2021 07:10PM ET,MIL,0
OF,Connor Scott (17446718),Connor Scott,17446718,OF,2000,MIL@MIA 05/07/2021 07:10PM ET,MIA,0
SS,Brice Turang (17446721),Brice Turang,17446721,SS,2000,MIL@MIA 05/07/2021 07:10PM ET,MIL,0
C,Will Banfield (17446729),Will Banfield,17446729,C,2000,MIL@MIA 05/07/2021 07:10PM ET,MIA,0
OF,Micah Bello (17446730),Micah Bello,17446730,OF,2000,MIL@MIA 05/07/2021 07:10PM ET,MIL,0
OF,Peyton Burdick (17446745),Peyton Burdick,17446745,OF,2000,MIL@MIA 05/07/2021 07:10PM ET,MIA,0
SS,Nasim Nunez (17446749),Nasim Nunez,17446749,SS,2000,MIL@MIA 05/07/2021 07:10PM ET,MIA,0
OF,Hedbert Perez (17446756),Hedbert Perez,17446756,OF,2000,MIL@MIA 05/07/2021 07:10PM ET,MIL,0
1B,Jose Martinez (17445908),Jose Martinez,17445908,1B,2000,ARI@NYM 05/07/2021 07:10PM ET,NYM,0
OF,Trayce Thompson (17445995),Trayce Thompson,17445995,OF,2000,ARI@NYM 05/07/2021 07:10PM ET,ARI,0
SS,Wilfredo Tovar (17446035),Wilfredo Tovar,17446035,SS,2000,ARI@NYM 05/07/2021 07:10PM ET,NYM,0
C,Bryan Holaday (17446064),Bryan Holaday,17446064,C,2000,ARI@NYM 05/07/2021 07:10PM ET,ARI,0
3B/SS,Juniel Querecuto (17446108),Juniel Querecuto,17446108,3B/SS,2000,ARI@NYM 05/07/2021 07:10PM ET,ARI,0
OF,Mallex Smith (17446195),Mallex Smith,17446195,OF,2000,ARI@NYM 05/07/2021 07:10PM ET,NYM,0
1B/2B,Jake Hager (17446213),Jake Hager,17446213,1B/2B,2000,ARI@NYM 05/07/2021 07:10PM ET,NYM,0
C,Bruce Maxwell (17446260),Bruce Maxwell,17446260,C,2000,ARI@NYM 05/07/2021 07:10PM ET,NYM,0
C,David Rodriguez (17446321),David Rodriguez,17446321,C,2000,ARI@NYM 05/07/2021 07:10PM ET,NYM,0
SS,Domingo Leyba (17446323),Domingo Leyba,17446323,SS,2000,ARI@NYM 05/07/2021 07:10PM ET,ARI,0
OF,Johneshwy Fargas (17446359),Johneshwy Fargas,17446359,OF,2000,ARI@NYM 05/07/2021 07:10PM ET,NYM,0
C,Deivy Grullon (17446383),Deivy Grullon,17446383,C,2000,ARI@NYM 05/07/2021 07:10PM ET,NYM,0
C,Patrick Mazeika (17446389),Patrick Mazeika,17446389,C,2000,ARI@NYM 05/07/2021 07:10PM ET,NYM,0
C,Jamie Ritchie (17446431),Jamie Ritchie,17446431,C,2000,ARI@NYM 05/07/2021 07:10PM ET,ARI,0
OF,Stuart Fairchild (17446451),Stuart Fairchild,17446451,OF,2000,ARI@NYM 05/07/2021 07:10PM ET,ARI,0
OF,Jake McCarthy (17446548),Jake McCarthy,17446548,OF,2000,ARI@NYM 05/07/2021 07:10PM ET,ARI,0
OF,Drew Ferguson (17446552),Drew Ferguson,17446552,OF,2000,ARI@NYM 05/07/2021 07:10PM ET,NYM,0
OF,Khalil Lee (17446616),Khalil Lee,17446616,OF,2000,ARI@NYM 05/07/2021 07:10PM ET,NYM,0
3B,Drew Ellis (17446680),Drew Ellis,17446680,3B,2000,ARI@NYM 05/07/2021 07:10PM ET,ARI,0
3B/SS,Mark Vientos (17446682),Mark Vientos,17446682,3B/SS,2000,ARI@NYM 05/07/2021 07:10PM ET,NYM,0
OF,Seth Beer (17446723),Seth Beer,17446723,OF,2000,ARI@NYM 05/07/2021 07:10PM ET,ARI,0
OF,Alek Thomas (17446728),Alek Thomas,17446728,OF,2000,ARI@NYM 05/07/2021 07:10PM ET,ARI,0
SS,Ronny Mauricio (17446740),Ronny Mauricio,17446740,SS,2000,ARI@NYM 05/07/2021 07:10PM ET,NYM,0
C,Francisco Alvarez (17446743),Francisco Alvarez,17446743,C,2000,ARI@NYM 05/07/2021 07:10PM ET,NYM,0
3B,Brett Baty (17446748),Brett Baty,17446748,3B,2000,ARI@NYM 05/07/2021 07:10PM ET,NYM,0
OF,Corbin Carroll (17446750),Corbin Carroll,17446750,OF,2000,ARI@NYM 05/07/2021 07:10PM ET,ARI,0
OF,Pete Crow-Armstrong (17446757),Pete Crow-Armstrong,17446757,OF,2000,ARI@NYM 05/07/2021 07:10PM ET,NYM,0
1B,Chris Davis (17445890),Chris Davis,17445890,1B,2000,BOS@BAL 05/07/2021 07:05PM ET,BAL,0
C,Chris Herrmann (17445966),Chris Herrmann,17445966,C,2000,BOS@BAL 05/07/2021 07:05PM ET,BOS,0
1B,Stevie Wilkerson (17446104),Stevie Wilkerson,17446104,1B,2000,BOS@BAL 05/07/2021 07:05PM ET,BAL,0
C,Jett Bandy (17446133),Jett Bandy,17446133,C,2000,BOS@BAL 05/07/2021 07:05PM ET,BOS,0
1B/C,Taylor Davis (17446140),Taylor Davis,17446140,C/1B,2000,BOS@BAL 05/07/2021 07:05PM ET,BAL,0
3B/SS,Seth Mejias-Brean (17446146),Seth Mejias-Brean,17446146,3B/SS,2000,BOS@BAL 05/07/2021 07:05PM ET,BAL,0
1B,Chris Shaw (17446285),Chris Shaw,17446285,1B,2000,BOS@BAL 05/07/2021 07:05PM ET,BAL,0
SS,Richie Martin (17446291),Richie Martin,17446291,SS,2000,BOS@BAL 05/07/2021 07:05PM ET,BAL,0
C,Austin Wynns (17446303),Austin Wynns,17446303,C,2000,BOS@BAL 05/07/2021 07:05PM ET,BAL,0
C,Nick Ciuffo (17446334),Nick Ciuffo,17446334,C,2000,BOS@BAL 05/07/2021 07:05PM ET,BAL,0
OF,Michael Gettys (17446415),Michael Gettys,17446415,OF,2000,BOS@BAL 05/07/2021 07:05PM ET,BOS,0
OF,Marcus Wilson (17446417),Marcus Wilson,17446417,OF,2000,BOS@BAL 05/07/2021 07:05PM ET,BOS,0
1B,Josh Ockimey (17446440),Josh Ockimey,17446440,1B,2000,BOS@BAL 05/07/2021 07:05PM ET,BOS,0
C,Connor Wong (17446499),Connor Wong,17446499,C,2000,BOS@BAL 05/07/2021 07:05PM ET,BOS,0
1B/3B,Tyler Nevin (17446524),Tyler Nevin,17446524,1B/3B,2000,BOS@BAL 05/07/2021 07:05PM ET,BAL,0
OF,Ryan McKenna (17446540),Ryan McKenna,17446540,OF,2000,BOS@BAL 05/07/2021 07:05PM ET,BAL,2.31
C,Ronaldo Hernandez (17446571),Ronaldo Hernandez,17446571,C,2000,BOS@BAL 05/07/2021 07:05PM ET,BOS,0
OF,Yusniel Diaz (17446573),Yusniel Diaz,17446573,OF,2000,BOS@BAL 05/07/2021 07:05PM ET,BAL,0
C,Adley Rutschman (17446634),Adley Rutschman,17446634,C,2000,BOS@BAL 05/07/2021 07:05PM ET,BAL,0
SS,Terrin Vavra (17446657),Terrin Vavra,17446657,SS,2000,BOS@BAL 05/07/2021 07:05PM ET,BAL,0
3B,Rylan Bannon (17446670),Rylan Bannon,17446670,3B,2000,BOS@BAL 05/07/2021 07:05PM ET,BAL,0
SS,Jeter Downs (17446677),Jeter Downs,17446677,SS,2000,BOS@BAL 05/07/2021 07:05PM ET,BOS,0
SS,Adam Hall (17446684),Adam Hall,17446684,SS,2000,BOS@BAL 05/07/2021 07:05PM ET,BAL,0
OF,Jeisson Rosario (17446702),Jeisson Rosario,17446702,OF,2000,BOS@BAL 05/07/2021 07:05PM ET,BOS,0
OF,Gilberto Jimenez (17446716),Gilberto Jimenez,17446716,OF,2000,BOS@BAL 05/07/2021 07:05PM ET,BOS,0
3B,Triston Casas (17446719),Triston Casas,17446719,3B,2000,BOS@BAL 05/07/2021 07:05PM ET,BOS,0
OF,Jarren Duran (17446733),Jarren Duran,17446733,OF,2000,BOS@BAL 05/07/2021 07:05PM ET,BOS,0
SS,Gunnar Henderson (17446747),Gunnar Henderson,17446747,SS,2000,BOS@BAL 05/07/2021 07:05PM ET,BAL,0
SS,Jordan Westburg (17446755),Jordan Westburg,17446755,SS,2000,BOS@BAL 05/07/2021 07:05PM ET,BAL,0
2B,Nick Yorke (17446760),Nick Yorke,17446760,2B,2000,BOS@BAL 05/07/2021 07:05PM ET,BOS,0
3B,Brandon Snyder (17445879),Brandon Snyder,17445879,3B,2000,WAS@NYY 05/07/2021 07:05PM ET,WAS,0
OF,Gerardo Parra (17445901),Gerardo Parra,17445901,OF,2000,WAS@NYY 05/07/2021 07:05PM ET,WAS,0
2B/3B,Derek Dietrich (17445923),Derek Dietrich,17445923,2B/3B,2000,WAS@NYY 05/07/2021 07:05PM ET,NYY,0
2B/OF,Hernan Perez (17446029),Hernan Perez,17446029,2B/OF,2000,WAS@NYY 05/07/2021 07:05PM ET,WAS,0.9
2B/3B,Adrian Sanchez (17446039),Adrian Sanchez,17446039,2B/3B,2000,WAS@NYY 05/07/2021 07:05PM ET,WAS,0
OF,Ryan LaMarre (17446063),Ryan LaMarre,17446063,OF,2000,WAS@NYY 05/07/2021 07:05PM ET,NYY,0
C,Rob Brantly (17446068),Rob Brantly,17446068,C,2000,WAS@NYY 05/07/2021 07:05PM ET,NYY,0
OF,Socrates Brito (17446132),Socrates Brito,17446132,OF,2000,WAS@NYY 05/07/2021 07:05PM ET,NYY,0
C,Raudy Read (17446160),Raudy Read,17446160,C,2000,WAS@NYY 05/07/2021 07:05PM ET,WAS,0
C,Blake Swihart (17446177),Blake Swihart,17446177,C,2000,WAS@NYY 05/07/2021 07:05PM ET,WAS,0
2B/SS,Andrew Velazquez (17446273),Andrew Velazquez,17446273,2B/SS,2000,WAS@NYY 05/07/2021 07:05PM ET,NYY,0
OF,Carlos Tocci (17446299),Carlos Tocci,17446299,OF,2000,WAS@NYY 05/07/2021 07:05PM ET,WAS,0
OF,Yasmany Tomas (17446318),Yasmany Tomas,17446318,OF,2000,WAS@NYY 05/07/2021 07:05PM ET,WAS,0
OF,Michael Beltre (17446325),Michael Beltre,17446325,OF,2000,WAS@NYY 05/07/2021 07:05PM ET,NYY,0
C,Jakson Reetz (17446420),Jakson Reetz,17446420,C,2000,WAS@NYY 05/07/2021 07:05PM ET,WAS,0
SS,Kyle Holder (17446472),Kyle Holder,17446472,SS,2000,WAS@NYY 05/07/2021 07:05PM ET,NYY,0
C,Tres Barrera (17446473),Tres Barrera,17446473,C,2000,WAS@NYY 05/07/2021 07:05PM ET,WAS,0
3B,Jake Noll (17446513),Jake Noll,17446513,3B,2000,WAS@NYY 05/07/2021 07:05PM ET,WAS,0
OF,Estevan Florial (17446519),Estevan Florial,17446519,OF,2000,WAS@NYY 05/07/2021 07:05PM ET,NYY,0
C,Max McDowell (17446551),Max McDowell,17446551,C,2000,WAS@NYY 05/07/2021 07:05PM ET,NYY,0
3B,Carter Kieboom (17446606),Carter Kieboom,17446606,3B,2000,WAS@NYY 05/07/2021 07:05PM ET,WAS,1
3B,Drew Mendoza (17446637),Drew Mendoza,17446637,3B,2000,WAS@NYY 05/07/2021 07:05PM ET,WAS,0
SS,Yasel Antuna (17446652),Yasel Antuna,17446652,SS,2000,WAS@NYY 05/07/2021 07:05PM ET,WAS,0
2B/SS,Luis Garcia (17446653),Luis Garcia,17446653,2B/SS,2000,WAS@NYY 05/07/2021 07:05PM ET,WAS,1.17
C,Josh Breaux (17446659),Josh Breaux,17446659,C,2000,WAS@NYY 05/07/2021 07:05PM ET,NYY,0
SS,Oswald Peraza (17446663),Oswald Peraza,17446663,SS,2000,WAS@NYY 05/07/2021 07:05PM ET,NYY,0
C,Israel Pineda (17446703),Israel Pineda,17446703,C,2000,WAS@NYY 05/07/2021 07:05PM ET,WAS,0
2B/SS,Ezequiel Duran (17446705),Ezequiel Duran,17446705,2B/SS,2000,WAS@NYY 05/07/2021 07:05PM ET,NYY,0
C,Anthony Seigler (17446722),Anthony Seigler,17446722,C,2000,WAS@NYY 05/07/2021 07:05PM ET,NYY,0
OF,Cody Wilson (17446734),Cody Wilson,17446734,OF,2000,WAS@NYY 05/07/2021 07:05PM ET,WAS,0
C,Austin Wells (17446739),Austin Wells,17446739,C,2000,WAS@NYY 05/07/2021 07:05PM ET,NYY,0
C,Rocky Gale (17446069),Rocky Gale,17446069,C,2000,CIN@CLE 05/07/2021 07:10PM ET,CIN,0
1B,Cheslor Cuthbert (17446111),Cheslor Cuthbert,17446111,1B,2000,CIN@CLE 05/07/2021 07:10PM ET,CIN,0
OF,Shogo Akiyama (17446148),Shogo Akiyama,17446148,OF,2000,CIN@CLE 05/07/2021 07:10PM ET,CIN,0
OF,Bradley Zimmer (17446203),Bradley Zimmer,17446203,OF,2000,CIN@CLE 05/07/2021 07:10PM ET,CLE,0
2B,Max Schrock (17446283),Max Schrock,17446283,2B,2000,CIN@CLE 05/07/2021 07:10PM ET,CIN,1
OF,Oscar Mercado (17446342),Oscar Mercado,17446342,OF,2000,CIN@CLE 05/07/2021 07:10PM ET,CLE,0
OF,Scott Heineman (17446388),Scott Heineman,17446388,OF,2000,CIN@CLE 05/07/2021 07:10PM ET,CIN,0
1B,Bobby Bradley (17446421),Bobby Bradley,17446421,1B,2000,CIN@CLE 05/07/2021 07:10PM ET,CLE,0
1B,Yu Chang (17446457),Yu Chang,17446457,1B,2000,CIN@CLE 05/07/2021 07:10PM ET,CLE,2.43
OF,Will Benson (17446602),Will Benson,17446602,OF,2000,CIN@CLE 05/07/2021 07:10PM ET,CLE,0
3B,Nolan Jones (17446607),Nolan Jones,17446607,3B,2000,CIN@CLE 05/07/2021 07:10PM ET,CLE,0
OF,Daniel Johnson (17446618),Daniel Johnson,17446618,OF,2000,CIN@CLE 05/07/2021 07:10PM ET,CLE,0
3B,Alfredo Rodriguez (17446646),Alfredo Rodriguez,17446646,3B,2000,CIN@CLE 05/07/2021 07:10PM ET,CIN,0
OF,TJ Friedl (17446648),TJ Friedl,17446648,OF,2000,CIN@CLE 05/07/2021 07:10PM ET,CIN,0
SS,Tyler Freeman (17446687),Tyler Freeman,17446687,SS,2000,CIN@CLE 05/07/2021 07:10PM ET,CLE,0
C,Mark Kolozsvary (17446690),Mark Kolozsvary,17446690,C,2000,CIN@CLE 05/07/2021 07:10PM ET,CIN,0
SS,Gabriel Arias (17446708),Gabriel Arias,17446708,SS,2000,CIN@CLE 05/07/2021 07:10PM ET,CLE,0
SS,Brayan Rocchio (17446720),Brayan Rocchio,17446720,SS,2000,CIN@CLE 05/07/2021 07:10PM ET,CLE,0
C,Bo Naylor (17446724),Bo Naylor,17446724,C,2000,CIN@CLE 05/07/2021 07:10PM ET,CLE,0
OF,George Valera (17446741),George Valera,17446741,OF,2000,CIN@CLE 05/07/2021 07:10PM ET,CLE,0
OF,Keon Broxton (17445973),Keon Broxton,17445973,OF,2000,MIN@DET 05/07/2021 07:10PM ET,MIN,0
C,Tomas Telis (17446021),Tomas Telis,17446021,C,2000,MIN@DET 05/07/2021 07:10PM ET,MIN,0
2B/3B,Drew Maggi (17446099),Drew Maggi,17446099,2B/3B,2000,MIN@DET 05/07/2021 07:10PM ET,MIN,0
2B/SS,JT Riddle (17446116),JT Riddle,17446116,2B/SS,2000,MIN@DET 05/07/2021 07:10PM ET,MIN,2
C,Eric Haase (17446215),Eric Haase,17446215,C,2000,MIN@DET 05/07/2021 07:10PM ET,DET,0
OF,Jacob Robson (17446286),Jacob Robson,17446286,OF,2000,MIN@DET 05/07/2021 07:10PM ET,DET,0
C,Caleb Hamilton (17446379),Caleb Hamilton,17446379,C,2000,MIN@DET 05/07/2021 07:10PM ET,MIN,0
SS,Nick Gordon (17446408),Nick Gordon,17446408,SS,2000,MIN@DET 05/07/2021 07:10PM ET,MIN,15
1B,Zander Wiel (17446464),Zander Wiel,17446464,1B,2000,MIN@DET 05/07/2021 07:10PM ET,MIN,0
OF,Christin Stewart (17446474),Christin Stewart,17446474,OF,2000,MIN@DET 05/07/2021 07:10PM ET,DET,0
C,Jake Rogers (17446514),Jake Rogers,17446514,C,2000,MIN@DET 05/07/2021 07:10PM ET,DET,0
OF,Trevor Larnach (17446558),Trevor Larnach,17446558,OF,2000,MIN@DET 05/07/2021 07:10PM ET,MIN,0
2B,Kody Clemens (17446561),Kody Clemens,17446561,2B,2000,MIN@DET 05/07/2021 07:10PM ET,DET,0
OF,Gilberto Celestino (17446577),Gilberto Celestino,17446577,OF,2000,MIN@DET 05/07/2021 07:10PM ET,MIN,0
3B,Jose Miranda (17446610),Jose Miranda,17446610,3B,2000,MIN@DET 05/07/2021 07:10PM ET,MIN,0
C,Brady Policelli (17446623),Brady Policelli,17446623,C,2000,MIN@DET 05/07/2021 07:10PM ET,DET,0
2B/3B,Isaac Paredes (17446644),Isaac Paredes,17446644,2B/3B,2000,MIN@DET 05/07/2021 07:10PM ET,DET,0
3B,Spencer Torkelson (17446714),Spencer Torkelson,17446714,3B,2000,MIN@DET 05/07/2021 07:10PM ET,DET,0
OF,Parker Meadows (17446725),Parker Meadows,17446725,OF,2000,MIN@DET 05/07/2021 07:10PM ET,DET,0
OF,Riley Greene (17446746),Riley Greene,17446746,OF,2000,MIN@DET 05/07/2021 07:10PM ET,DET,0
C,Dillon Dingler (17446758),Dillon Dingler,17446758,C,2000,MIN@DET 05/07/2021 07:10PM ET,DET,0
