Position,Name + ID,Name,ID,Roster Position,Salary,Game Info,TeamAbbrev,AvgPointsPerGame
SP,Max Scherzer (17151729),Max Scherzer,17151729,P,10500,STL@WAS 04/19/2021 07:05PM ET,WAS,24.32
RP,Corbin Burnes (17151731),Corbin Burnes,17151731,P,10400,MIL@SD 04/19/2021 10:10PM ET,MIL,33.22
SP,Tyler Glasnow (17151730),Tyler Glasnow,17151730,P,10400,TB@KC 04/19/2021 08:10PM ET,TB,30.48
SP,Joe Musgrove (17151326),Joe Musgrove,17151326,P,10200,MIL@SD 04/19/2021 10:10PM ET,SD,25.19
SP,Trevor Bauer (17151732),Trevor Bauer,17151732,P,10100,LAD@SEA 04/19/2021 10:10PM ET,LAD,28.42
SP,Clayton Kershaw (17151733),Clayton Kershaw,17151733,P,10000,LAD@SEA 04/19/2021 10:10PM ET,LAD,22.28
SP,Yu Darvish (17151734),Yu Darvish,17151734,P,9900,MIL@SD 04/19/2021 10:10PM ET,SD,22.22
SP,Walker Buehler (17151735),Walker Buehler,17151735,P,9800,LAD@SEA 04/19/2021 10:10PM ET,LAD,16.57
SP,Dustin May (17151327),Dustin May,17151327,P,9700,LAD@SEA 04/19/2021 10:10PM ET,LAD,22.02
SP,Freddy Peralta (17151736),Freddy Peralta,17151736,P,9600,MIL@SD 04/19/2021 10:10PM ET,MIL,22.48
SP,Jimmy Nelson (17151737),Jimmy Nelson,17151737,P,9500,LAD@SEA 04/19/2021 10:10PM ET,LAD,3.67
SP,Johnny Cueto (17151738),Johnny Cueto,17151738,P,9400,SF@PHI 04/19/2021 07:05PM ET,SF,23.6
SP,Chris Paddack (17151739),Chris Paddack,17151739,P,9300,MIL@SD 04/19/2021 10:10PM ET,SD,9.95
SP,Zack Wheeler (17151741),Zack Wheeler,17151741,P,9200,SF@PHI 04/19/2021 07:05PM ET,PHI,19.37
SP,Dinelson Lamet (17151740),Dinelson Lamet,17151740,P,9200,MIL@SD 04/19/2021 10:10PM ET,SD,0
SP,Zach Eflin (17151742),Zach Eflin,17151742,P,9100,SF@PHI 04/19/2021 07:05PM ET,PHI,18.53
SP,Brandon Woodruff (17151328),Brandon Woodruff,17151328,P,9000,MIL@SD 04/19/2021 10:10PM ET,MIL,19.95
SP,Julio Urias (17151743),Julio Urias,17151743,P,9000,LAD@SEA 04/19/2021 10:10PM ET,LAD,16.93
SP,Aaron Nola (17151744),Aaron Nola,17151744,P,8900,SF@PHI 04/19/2021 07:05PM ET,PHI,23.22
SP,Blake Snell (17151745),Blake Snell,17151745,P,8900,MIL@SD 04/19/2021 10:10PM ET,SD,13.82
SP,Zack Brown (17151746),Zack Brown,17151746,P,8900,MIL@SD 04/19/2021 10:10PM ET,MIL,0
SP,Patrick Corbin (17151747),Patrick Corbin,17151747,P,8800,STL@WAS 04/19/2021 07:05PM ET,WAS,-8.18
SP,Rich Hill (17151748),Rich Hill,17151748,P,8700,TB@KC 04/19/2021 08:10PM ET,TB,8.75
RP,Josh Lindblom (17151751),Josh Lindblom,17151751,P,8600,MIL@SD 04/19/2021 10:10PM ET,MIL,1.19
SP,Tony Gonsolin (17151749),Tony Gonsolin,17151749,P,8600,LAD@SEA 04/19/2021 10:10PM ET,LAD,0
SP,David Price (17151750),David Price,17151750,P,8600,LAD@SEA 04/19/2021 10:10PM ET,LAD,4.57
SP,Anthony DeSclafani (17151756),Anthony DeSclafani,17151756,P,8500,SF@PHI 04/19/2021 07:05PM ET,SF,14.86
SP,Jack Flaherty (17151329),Jack Flaherty,17151329,P,8500,STL@WAS 04/19/2021 07:05PM ET,STL,16.57
SP,Stephen Strasburg (17151753),Stephen Strasburg,17151753,P,8500,STL@WAS 04/19/2021 07:05PM ET,WAS,10.45
RP,Ray Black (17151752),Ray Black,17151752,P,8500,MIL@SD 04/19/2021 10:10PM ET,MIL,0
SP,Eric Lauer (17151755),Eric Lauer,17151755,P,8500,MIL@SD 04/19/2021 10:10PM ET,MIL,0
SP,Chris Archer (17151754),Chris Archer,17151754,P,8500,TB@KC 04/19/2021 08:10PM ET,TB,5.48
RP,Adrian Houser (17151757),Adrian Houser,17151757,P,8400,MIL@SD 04/19/2021 10:10PM ET,MIL,11.02
SP,Brent Suter (17151758),Brent Suter,17151758,P,8400,MIL@SD 04/19/2021 10:10PM ET,MIL,3.3
SP,Adonis Medina (17151761),Adonis Medina,17151761,P,8300,SF@PHI 04/19/2021 07:05PM ET,PHI,0
SP,JoJo Romero (17151762),JoJo Romero,17151762,P,8300,SF@PHI 04/19/2021 07:05PM ET,PHI,-3.23
SP,Logan Webb (17151763),Logan Webb,17151763,P,8300,SF@PHI 04/19/2021 07:05PM ET,SF,8.5
RP,Dakota Hudson (17151759),Dakota Hudson,17151759,P,8300,STL@WAS 04/19/2021 07:05PM ET,STL,0
SP,Miles Mikolas (17151760),Miles Mikolas,17151760,P,8300,STL@WAS 04/19/2021 07:05PM ET,STL,0
SP,Alex Reyes (17151764),Alex Reyes,17151764,P,8300,STL@WAS 04/19/2021 07:05PM ET,STL,3.14
SP,Spencer Howard (17151767),Spencer Howard,17151767,P,8200,SF@PHI 04/19/2021 07:05PM ET,PHI,0.45
RP,Josh Hader (17151765),Josh Hader,17151765,P,8200,MIL@SD 04/19/2021 10:10PM ET,MIL,7.91
SP,Griffin Canning (17151766),Griffin Canning,17151766,P,8200,TEX@LAA 04/19/2021 09:38PM ET,LAA,14.02
SP,Enyel De Los Santos (17151769),Enyel De Los Santos,17151769,P,8100,SF@PHI 04/19/2021 07:05PM ET,PHI,0
RP,Daniel Ponce de Leon (17151768),Daniel Ponce de Leon,17151768,P,8100,STL@WAS 04/19/2021 07:05PM ET,STL,-1.83
SP,Drew Pomeranz (17151770),Drew Pomeranz,17151770,P,8100,MIL@SD 04/19/2021 10:10PM ET,SD,4.82
SP,Adrian Morejon (17151771),Adrian Morejon,17151771,P,8100,MIL@SD 04/19/2021 10:10PM ET,SD,4.15
SP,Vince Velasquez (17151772),Vince Velasquez,17151772,P,8000,SF@PHI 04/19/2021 07:05PM ET,PHI,4.13
SP,Carlos Martinez (17151773),Carlos Martinez,17151773,P,8000,STL@WAS 04/19/2021 07:05PM ET,STL,4.65
RP,Ryan Weathers (17151774),Ryan Weathers,17151774,P,8000,MIL@SD 04/19/2021 10:10PM ET,SD,9.89
SP,Tyler Beede (17151776),Tyler Beede,17151776,P,7900,SF@PHI 04/19/2021 07:05PM ET,SF,0
SP,Joe Ross (17151330),Joe Ross,17151330,P,7900,STL@WAS 04/19/2021 07:05PM ET,WAS,20.68
SP,Genesis Cabrera (17151777),Genesis Cabrera,17151777,P,7900,STL@WAS 04/19/2021 07:05PM ET,STL,3.29
SP,Adam Wainwright (17151779),Adam Wainwright,17151779,P,7900,STL@WAS 04/19/2021 07:05PM ET,STL,7.17
SP,Brett Anderson (17151778),Brett Anderson,17151778,P,7900,MIL@SD 04/19/2021 10:10PM ET,MIL,13.62
RP,Mike Kickham (17151775),Mike Kickham,17151775,P,7900,LAD@SEA 04/19/2021 10:10PM ET,LAD,0
RP,Andrew Miller (17151783),Andrew Miller,17151783,P,7800,STL@WAS 04/19/2021 07:05PM ET,STL,0.93
SP,Mike Clevinger (17151780),Mike Clevinger,17151780,P,7800,MIL@SD 04/19/2021 10:10PM ET,SD,0
SP,Trevor Richards (17151782),Trevor Richards,17151782,P,7800,TB@KC 04/19/2021 08:10PM ET,TB,5.82
SP,Yusei Kikuchi (17151781),Yusei Kikuchi,17151781,P,7800,LAD@SEA 04/19/2021 10:10PM ET,SEA,15.45
SP,Jon Lester (17151784),Jon Lester,17151784,P,7700,STL@WAS 04/19/2021 07:05PM ET,WAS,0
RP,Chris Mazza (17151785),Chris Mazza,17151785,P,7700,TB@KC 04/19/2021 08:10PM ET,TB,-1.89
SP,Dylan Bundy (17151331),Dylan Bundy,17151331,P,7700,TEX@LAA 04/19/2021 09:38PM ET,LAA,20.25
SP,Matt Moore (17151790),Matt Moore,17151790,P,7600,SF@PHI 04/19/2021 07:05PM ET,PHI,3.05
RP,Kwang Hyun Kim (17151786),Kwang Hyun Kim,17151786,P,7600,STL@WAS 04/19/2021 07:05PM ET,STL,4.55
SP,Jake Woodford (17151787),Jake Woodford,17151787,P,7600,STL@WAS 04/19/2021 07:05PM ET,STL,5.1
SP,Yonny Chirinos (17151788),Yonny Chirinos,17151788,P,7600,TB@KC 04/19/2021 08:10PM ET,TB,0
SP,Michael Wacha (17151789),Michael Wacha,17151789,P,7600,TB@KC 04/19/2021 08:10PM ET,TB,17.45
SP,Aaron Sanchez (17151796),Aaron Sanchez,17151796,P,7500,SF@PHI 04/19/2021 07:05PM ET,SF,12.33
RP,Giovanny Gallegos (17151791),Giovanny Gallegos,17151791,P,7500,STL@WAS 04/19/2021 07:05PM ET,STL,6.75
SP,Angel Perdomo (17151792),Angel Perdomo,17151792,P,7500,MIL@SD 04/19/2021 10:10PM ET,MIL,4.27
SP,Ethan Small (17151793),Ethan Small,17151793,P,7500,MIL@SD 04/19/2021 10:10PM ET,MIL,0
SP,Aaron Ashby (17151794),Aaron Ashby,17151794,P,7500,MIL@SD 04/19/2021 10:10PM ET,MIL,0
SP,Drew Rasmussen (17151795),Drew Rasmussen,17151795,P,7500,MIL@SD 04/19/2021 10:10PM ET,MIL,0.9
SP,Alex Wood (17151799),Alex Wood,17151799,P,7400,SF@PHI 04/19/2021 07:05PM ET,SF,21.45
RP,Daniel Hudson (17151797),Daniel Hudson,17151797,P,7400,STL@WAS 04/19/2021 07:05PM ET,WAS,5.3
SP,Ryan Yarbrough (17151798),Ryan Yarbrough,17151798,P,7400,TB@KC 04/19/2021 08:10PM ET,TB,9.54
SP,Dane Dunning (17151800),Dane Dunning,17151800,P,7400,TEX@LAA 04/19/2021 09:38PM ET,TEX,20.18
SP,Jordan Zimmermann (17151805),Jordan Zimmermann,17151805,P,7300,MIL@SD 04/19/2021 10:10PM ET,MIL,0
RP,Luis Patino (17151801),Luis Patino,17151801,P,7300,TB@KC 04/19/2021 08:10PM ET,TB,0
SP,Mike Minor (17151802),Mike Minor,17151802,P,7300,TB@KC 04/19/2021 08:10PM ET,KC,10.88
SP,Jose Suarez (17151803),Jose Suarez,17151803,P,7300,TEX@LAA 04/19/2021 09:38PM ET,LAA,0
SP,Alex Cobb (17151804),Alex Cobb,17151804,P,7300,TEX@LAA 04/19/2021 09:38PM ET,LAA,21.62
SP,James Paxton (17151806),James Paxton,17151806,P,7300,LAD@SEA 04/19/2021 10:10PM ET,SEA,4.4
RP,Seth Elledge (17151807),Seth Elledge,17151807,P,7200,STL@WAS 04/19/2021 07:05PM ET,STL,0
SP,Josh Fleming (17151332),Josh Fleming,17151332,P,7200,TB@KC 04/19/2021 08:10PM ET,TB,9.65
RP,Ryan Helsley (17151808),Ryan Helsley,17151808,P,7100,STL@WAS 04/19/2021 07:05PM ET,STL,3.26
SP,Erick Fedde (17151811),Erick Fedde,17151811,P,7100,STL@WAS 04/19/2021 07:05PM ET,WAS,11.37
SP,Jaime Barria (17151809),Jaime Barria,17151809,P,7100,TEX@LAA 04/19/2021 09:38PM ET,LAA,-15.5
SP,Andrew Heaney (17151810),Andrew Heaney,17151810,P,7100,TEX@LAA 04/19/2021 09:38PM ET,LAA,15.35
RP,Austin Voth (17151812),Austin Voth,17151812,P,7000,STL@WAS 04/19/2021 07:05PM ET,WAS,3.08
SP,Danny Duffy (17151333),Danny Duffy,17151333,P,7000,TB@KC 04/19/2021 08:10PM ET,KC,23.3
SP,Brock Burke (17151813),Brock Burke,17151813,P,7000,TEX@LAA 04/19/2021 09:38PM ET,TEX,0
SP,Caleb Baragar (17151815),Caleb Baragar,17151815,P,6900,SF@PHI 04/19/2021 07:05PM ET,SF,3.42
SP,Kris Bubic (17151816),Kris Bubic,17151816,P,6900,TB@KC 04/19/2021 08:10PM ET,KC,0
SP,Jose Quintana (17151814),Jose Quintana,17151814,P,6900,TEX@LAA 04/19/2021 09:38PM ET,LAA,0.52
SP,Dillon Peters (17151817),Dillon Peters,17151817,P,6900,TEX@LAA 04/19/2021 09:38PM ET,LAA,0
SP,Chase Anderson (17151334),Chase Anderson,17151334,P,6800,SF@PHI 04/19/2021 07:05PM ET,PHI,8.82
SP,Brady Singer (17151819),Brady Singer,17151819,P,6800,TB@KC 04/19/2021 08:10PM ET,KC,13.88
SP,Shane Baz (17151821),Shane Baz,17151821,P,6800,TB@KC 04/19/2021 08:10PM ET,TB,0
SP,David Hess (17151822),David Hess,17151822,P,6800,TB@KC 04/19/2021 08:10PM ET,TB,0
SP,Joe Ryan (17151823),Joe Ryan,17151823,P,6800,TB@KC 04/19/2021 08:10PM ET,TB,0
SP,Dietrich Enns (17151824),Dietrich Enns,17151824,P,6800,TB@KC 04/19/2021 08:10PM ET,TB,0
SP,Drew Strotman (17151825),Drew Strotman,17151825,P,6800,TB@KC 04/19/2021 08:10PM ET,TB,0
SP,Cody Reed (17151826),Cody Reed,17151826,P,6800,TB@KC 04/19/2021 08:10PM ET,TB,1.34
RP,Justin Dunn (17151818),Justin Dunn,17151818,P,6800,LAD@SEA 04/19/2021 10:10PM ET,SEA,13.68
SP,Kendall Graveman (17151820),Kendall Graveman,17151820,P,6800,LAD@SEA 04/19/2021 10:10PM ET,SEA,6.21
SP,Mike Foltynewicz (17151828),Mike Foltynewicz,17151828,P,6700,TEX@LAA 04/19/2021 09:38PM ET,TEX,12
SP,Patrick Sandoval (17151829),Patrick Sandoval,17151829,P,6700,TEX@LAA 04/19/2021 09:38PM ET,LAA,0
SP,Chris Flexen (17151827),Chris Flexen,17151827,P,6700,LAD@SEA 04/19/2021 10:10PM ET,SEA,13.47
SP,Marco Gonzales (17151830),Marco Gonzales,17151830,P,6700,LAD@SEA 04/19/2021 10:10PM ET,SEA,6.57
SP,Kevin Gausman (17151335),Kevin Gausman,17151335,P,6600,SF@PHI 04/19/2021 07:05PM ET,SF,18.88
RP,Matt Wisler (17151831),Matt Wisler,17151831,P,6600,SF@PHI 04/19/2021 07:05PM ET,SF,0.23
SP,Brent Honeywell Jr. (17151832),Brent Honeywell Jr.,17151832,P,6600,TB@KC 04/19/2021 08:10PM ET,TB,8.5
SP,Erik Swanson (17151833),Erik Swanson,17151833,P,6600,LAD@SEA 04/19/2021 10:10PM ET,SEA,5.9
SP,Matthew Liberatore (17151834),Matthew Liberatore,17151834,P,6500,STL@WAS 04/19/2021 07:05PM ET,STL,0
SP,Garrett Williams (17151835),Garrett Williams,17151835,P,6500,STL@WAS 04/19/2021 07:05PM ET,STL,0
SP,Angel Rondon (17151836),Angel Rondon,17151836,P,6500,STL@WAS 04/19/2021 07:05PM ET,STL,0
SP,Johan Oviedo (17151837),Johan Oviedo,17151837,P,6500,STL@WAS 04/19/2021 07:05PM ET,STL,16.1
SP,Mason Thompson (17151839),Mason Thompson,17151839,P,6300,MIL@SD 04/19/2021 10:10PM ET,SD,0
SP,Nabil Crismatt (17151840),Nabil Crismatt,17151840,P,6300,MIL@SD 04/19/2021 10:10PM ET,SD,7.2
SP,Anderson Espinoza (17151841),Anderson Espinoza,17151841,P,6300,MIL@SD 04/19/2021 10:10PM ET,SD,0
SP,MacKenzie Gore (17151842),MacKenzie Gore,17151842,P,6300,MIL@SD 04/19/2021 10:10PM ET,SD,0
RP,Jordan Lyles (17151838),Jordan Lyles,17151838,P,6300,TEX@LAA 04/19/2021 09:38PM ET,TEX,12.17
SP,Hans Crouse (17151846),Hans Crouse,17151846,P,6200,TEX@LAA 04/19/2021 09:38PM ET,TEX,0
SP,Jharel Cotton (17151847),Jharel Cotton,17151847,P,6200,TEX@LAA 04/19/2021 09:38PM ET,TEX,0
SP,Sam Gaviglio (17151848),Sam Gaviglio,17151848,P,6200,TEX@LAA 04/19/2021 09:38PM ET,TEX,0
SP,Tyler Phillips (17151849),Tyler Phillips,17151849,P,6200,TEX@LAA 04/19/2021 09:38PM ET,TEX,0
SP,Jason Bahr (17151850),Jason Bahr,17151850,P,6200,TEX@LAA 04/19/2021 09:38PM ET,TEX,0
SP,A.J. Alexy (17151851),A.J. Alexy,17151851,P,6200,TEX@LAA 04/19/2021 09:38PM ET,TEX,0
SP,Ian Kennedy (17151852),Ian Kennedy,17151852,P,6200,TEX@LAA 04/19/2021 09:38PM ET,TEX,4.65
SP,Hyeon-jong Yang (17151853),Hyeon-jong Yang,17151853,P,6200,TEX@LAA 04/19/2021 09:38PM ET,TEX,0
SP,Alex Speas (17151854),Alex Speas,17151854,P,6200,TEX@LAA 04/19/2021 09:38PM ET,TEX,0
SP,Robert Dugger (17151843),Robert Dugger,17151843,P,6200,LAD@SEA 04/19/2021 10:10PM ET,SEA,0
SP,Nick Margevicius (17151844),Nick Margevicius,17151844,P,6200,LAD@SEA 04/19/2021 10:10PM ET,SEA,6.31
SP,Ljay Newsome (17151845),Ljay Newsome,17151845,P,6200,LAD@SEA 04/19/2021 10:10PM ET,SEA,7.75
SP,Jakob Junis (17151855),Jakob Junis,17151855,P,6100,TB@KC 04/19/2021 08:10PM ET,KC,12.6
SP,Justus Sheffield (17151336),Justus Sheffield,17151336,P,6100,LAD@SEA 04/19/2021 10:10PM ET,SEA,6.65
OF,Mike Trout (17151338),Mike Trout,17151338,OF,6000,TEX@LAA 04/19/2021 09:38PM ET,LAA,12.08
SP,Kyle Cody (17151856),Kyle Cody,17151856,P,6000,TEX@LAA 04/19/2021 09:38PM ET,TEX,3.37
SP,Kolby Allard (17151857),Kolby Allard,17151857,P,6000,TEX@LAA 04/19/2021 09:38PM ET,TEX,8.68
SP,Chris Rodriguez (17151858),Chris Rodriguez,17151858,P,6000,TEX@LAA 04/19/2021 09:38PM ET,LAA,6.05
SP,Denny Brady (17151859),Denny Brady,17151859,P,6000,TEX@LAA 04/19/2021 09:38PM ET,LAA,0
SP,Junior Guerra (17151860),Junior Guerra,17151860,P,6000,TEX@LAA 04/19/2021 09:38PM ET,LAA,8.34
SP,Aaron Slegers (17151861),Aaron Slegers,17151861,P,6000,TEX@LAA 04/19/2021 09:38PM ET,LAA,2.44
SP,Reid Detmers (17151862),Reid Detmers,17151862,P,6000,TEX@LAA 04/19/2021 09:38PM ET,LAA,0
SP,Jake Faria (17151863),Jake Faria,17151863,P,6000,TEX@LAA 04/19/2021 09:38PM ET,LAA,0
SP,Kyle Gibson (17151864),Kyle Gibson,17151864,P,6000,TEX@LAA 04/19/2021 09:38PM ET,TEX,16.25
RP,Richard Lovelady (17151865),Richard Lovelady,17151865,P,5900,TB@KC 04/19/2021 08:10PM ET,KC,0
SP,Wes Benjamin (17151866),Wes Benjamin,17151866,P,5900,TEX@LAA 04/19/2021 09:38PM ET,TEX,3.58
OF,Mookie Betts (17151339),Mookie Betts,17151339,OF,5900,LAD@SEA 04/19/2021 10:10PM ET,LAD,9.82
OF,Juan Soto (17151340),Juan Soto,17151340,OF,5800,STL@WAS 04/19/2021 07:05PM ET,WAS,9
SP,Anthony Misiewicz (17151867),Anthony Misiewicz,17151867,P,5800,LAD@SEA 04/19/2021 10:10PM ET,SEA,4.28
SP,Logan Gilbert (17151868),Logan Gilbert,17151868,P,5800,LAD@SEA 04/19/2021 10:10PM ET,SEA,0
SP,Brad Keller (17151869),Brad Keller,17151869,P,5700,TB@KC 04/19/2021 08:10PM ET,KC,1.88
SP,Kohei Arihara (17151337),Kohei Arihara,17151337,P,5700,TEX@LAA 04/19/2021 09:38PM ET,TEX,10.47
SS,Corey Seager (17151341),Corey Seager,17151341,SS,5700,LAD@SEA 04/19/2021 10:10PM ET,LAD,9.13
RP,John Gant (17151871),John Gant,17151871,P,5600,STL@WAS 04/19/2021 07:05PM ET,STL,10.43
OF,Christian Yelich (17151520),Christian Yelich,17151520,OF,5600,MIL@SD 04/19/2021 10:10PM ET,MIL,8.22
SP,Kyle Zimmer (17151870),Kyle Zimmer,17151870,P,5600,TB@KC 04/19/2021 08:10PM ET,KC,5.54
OF,Trent Grisham (17151346),Trent Grisham,17151346,OF,5500,MIL@SD 04/19/2021 10:10PM ET,SD,11.22
3B,Justin Turner (17151344),Justin Turner,17151344,3B,5500,LAD@SEA 04/19/2021 10:10PM ET,LAD,13.29
OF,Bryce Harper (17151348),Bryce Harper,17151348,OF,5400,SF@PHI 04/19/2021 07:05PM ET,PHI,8.71
SS,Trea Turner (17151345),Trea Turner,17151345,SS,5400,STL@WAS 04/19/2021 07:05PM ET,WAS,10.23
2B,Whit Merrifield (17151347),Whit Merrifield,17151347,2B,5400,TB@KC 04/19/2021 08:10PM ET,KC,11.21
SP,Carlos Hernandez (17151872),Carlos Hernandez,17151872,P,5400,TB@KC 04/19/2021 08:10PM ET,KC,2.3
2B/OF,Tommy Edman (17151342),Tommy Edman,17151342,2B/OF,5300,STL@WAS 04/19/2021 07:05PM ET,STL,7.53
OF,Mike Yastrzemski (17151349),Mike Yastrzemski,17151349,OF,5200,SF@PHI 04/19/2021 07:05PM ET,SF,5.8
C,J.T. Realmuto (17151353),J.T. Realmuto,17151353,C,5100,SF@PHI 04/19/2021 07:05PM ET,PHI,7.07
3B,Nolan Arenado (17151350),Nolan Arenado,17151350,3B,5100,STL@WAS 04/19/2021 07:05PM ET,STL,8.67
SS,Fernando Tatis Jr. (17151354),Fernando Tatis Jr.,17151354,SS,5100,MIL@SD 04/19/2021 10:10PM ET,SD,6.25
1B/OF,Jared Walsh (17151351),Jared Walsh,17151351,1B/OF,5100,TEX@LAA 04/19/2021 09:38PM ET,LAA,11.08
3B,Manny Machado (17151355),Manny Machado,17151355,3B,5000,MIL@SD 04/19/2021 10:10PM ET,SD,9.71
OF,Wil Myers (17151356),Wil Myers,17151356,OF,5000,MIL@SD 04/19/2021 10:10PM ET,SD,8.81
1B,Max Muncy (17151357),Max Muncy,17151357,1B,5000,LAD@SEA 04/19/2021 10:10PM ET,LAD,9.38
OF,Kyle Schwarber (17151358),Kyle Schwarber,17151358,OF,4900,STL@WAS 04/19/2021 07:05PM ET,WAS,7.43
1B,Paul Goldschmidt (17151360),Paul Goldschmidt,17151360,1B,4900,STL@WAS 04/19/2021 07:05PM ET,STL,6.5
C,Salvador Perez (17151359),Salvador Perez,17151359,C,4900,TB@KC 04/19/2021 08:10PM ET,KC,9.93
SS,Didi Gregorius (17151363),Didi Gregorius,17151363,SS,4800,SF@PHI 04/19/2021 07:05PM ET,PHI,6.73
OF,Randy Arozarena (17151361),Randy Arozarena,17151361,OF,4800,TB@KC 04/19/2021 08:10PM ET,TB,7.5
2B,Nick Solak (17151362),Nick Solak,17151362,2B,4800,TEX@LAA 04/19/2021 09:38PM ET,TEX,8.5
1B,Nate Lowe (17151364),Nate Lowe,17151364,1B,4800,TEX@LAA 04/19/2021 09:38PM ET,TEX,8.88
3B,Anthony Rendon (17151521),Anthony Rendon,17151521,3B,4800,TEX@LAA 04/19/2021 09:38PM ET,LAA,7.5
1B,Eric Hosmer (17151368),Eric Hosmer,17151368,1B,4700,MIL@SD 04/19/2021 10:10PM ET,SD,10
2B/OF,Chris Taylor (17151365),Chris Taylor,17151365,2B/OF,4700,LAD@SEA 04/19/2021 10:10PM ET,LAD,8.93
C,Will Smith (17151367),Will Smith,17151367,C,4700,LAD@SEA 04/19/2021 10:10PM ET,LAD,8.36
2B,Jean Segura (17151369),Jean Segura,17151369,2B,4600,SF@PHI 04/19/2021 07:05PM ET,PHI,7
SP,Jonathan Bowlan (17151873),Jonathan Bowlan,17151873,P,4600,TB@KC 04/19/2021 08:10PM ET,KC,0
SP,Scott Blewett (17151874),Scott Blewett,17151874,P,4600,TB@KC 04/19/2021 08:10PM ET,KC,0
SP,Eric Skoglund (17151875),Eric Skoglund,17151875,P,4600,TB@KC 04/19/2021 08:10PM ET,KC,0
SP,Angel Zerpa (17151876),Angel Zerpa,17151876,P,4600,TB@KC 04/19/2021 08:10PM ET,KC,0
SP,Austin Cox (17151877),Austin Cox,17151877,P,4600,TB@KC 04/19/2021 08:10PM ET,KC,0
SP,Ervin Santana (17151878),Ervin Santana,17151878,P,4600,TB@KC 04/19/2021 08:10PM ET,KC,5.55
SP,Daniel Lynch (17151879),Daniel Lynch,17151879,P,4600,TB@KC 04/19/2021 08:10PM ET,KC,0
SP,Jackson Kowar (17151880),Jackson Kowar,17151880,P,4600,TB@KC 04/19/2021 08:10PM ET,KC,0
SP,Jesse Hahn (17151881),Jesse Hahn,17151881,P,4600,TB@KC 04/19/2021 08:10PM ET,KC,-0.5
1B/OF,Shohei Ohtani (17151371),Shohei Ohtani,17151371,1B/OF,4600,TEX@LAA 04/19/2021 09:38PM ET,LAA,1.41
3B,Kyle Seager (17151370),Kyle Seager,17151370,3B,4600,LAD@SEA 04/19/2021 10:10PM ET,SEA,6.93
3B,Evan Longoria (17151376),Evan Longoria,17151376,3B,4500,SF@PHI 04/19/2021 07:05PM ET,SF,8.57
1B,Rhys Hoskins (17151377),Rhys Hoskins,17151377,1B,4500,SF@PHI 04/19/2021 07:05PM ET,PHI,7.53
2B/OF,Brandon Lowe (17151373),Brandon Lowe,17151373,2B/OF,4500,TB@KC 04/19/2021 08:10PM ET,TB,5.47
SS,Isiah Kiner-Falefa (17151375),Isiah Kiner-Falefa,17151375,SS,4500,TEX@LAA 04/19/2021 09:38PM ET,TEX,6.88
1B/2B,Wilmer Flores (17151380),Wilmer Flores,17151380,1B/2B,4400,SF@PHI 04/19/2021 07:05PM ET,SF,2.27
C,Yadier Molina (17151378),Yadier Molina,17151378,C,4400,STL@WAS 04/19/2021 07:05PM ET,STL,9.79
OF,Joey Gallo (17151379),Joey Gallo,17151379,OF,4400,TEX@LAA 04/19/2021 09:38PM ET,TEX,7.2
C,Buster Posey (17151384),Buster Posey,17151384,C,4300,SF@PHI 04/19/2021 07:05PM ET,SF,6.3
1B/2B,Keston Hiura (17151385),Keston Hiura,17151385,1B/2B,4300,MIL@SD 04/19/2021 10:10PM ET,MIL,5.31
3B/SS,Joey Wendle (17151382),Joey Wendle,17151382,3B/SS,4300,TB@KC 04/19/2021 08:10PM ET,TB,9.14
OF,Cody Bellinger (17151522),Cody Bellinger,17151522,OF,4300,LAD@SEA 04/19/2021 10:10PM ET,LAD,7.75
2B,Donovan Solano (17151387),Donovan Solano,17151387,2B,4200,SF@PHI 04/19/2021 07:05PM ET,SF,5.36
1B,Josh Bell (17151391),Josh Bell,17151391,1B,4200,STL@WAS 04/19/2021 07:05PM ET,WAS,4.33
3B,Travis Shaw (17151390),Travis Shaw,17151390,3B,4200,MIL@SD 04/19/2021 10:10PM ET,MIL,7.71
OF,Austin Meadows (17151389),Austin Meadows,17151389,OF,4200,TB@KC 04/19/2021 08:10PM ET,TB,7
C,Jonah Heim (17151388),Jonah Heim,17151388,C,4200,TEX@LAA 04/19/2021 09:38PM ET,TEX,7.8
OF,Austin Slater (17151395),Austin Slater,17151395,OF,4100,SF@PHI 04/19/2021 07:05PM ET,SF,6.69
2B,Josh Harrison (17151392),Josh Harrison,17151392,2B,4100,STL@WAS 04/19/2021 07:05PM ET,WAS,9.5
1B,Carlos Santana (17151396),Carlos Santana,17151396,1B,4100,TB@KC 04/19/2021 08:10PM ET,KC,7
3B/SS,Charlie Culberson (17151393),Charlie Culberson,17151393,3B/SS,4100,TEX@LAA 04/19/2021 09:38PM ET,TEX,6.3
OF,Andrew McCutchen (17151397),Andrew McCutchen,17151397,OF,4000,SF@PHI 04/19/2021 07:05PM ET,PHI,5.79
1B/2B,Tommy La Stella (17151401),Tommy La Stella,17151401,1B/2B,4000,SF@PHI 04/19/2021 07:05PM ET,SF,3.31
RP,Ramon Rosso (17151888),Ramon Rosso,17151888,P,4000,SF@PHI 04/19/2021 07:05PM ET,PHI,0
RP,Sam Wolff (17151893),Sam Wolff,17151893,P,4000,SF@PHI 04/19/2021 07:05PM ET,SF,0
RP,Camilo Doval (17151898),Camilo Doval,17151898,P,4000,SF@PHI 04/19/2021 07:05PM ET,SF,6.25
RP,Jose Alvarez (17151900),Jose Alvarez,17151900,P,4000,SF@PHI 04/19/2021 07:05PM ET,SF,2.26
SP,Zack Littell (17151903),Zack Littell,17151903,P,4000,SF@PHI 04/19/2021 07:05PM ET,SF,0
SP,Damon Jones (17151918),Damon Jones,17151918,P,4000,SF@PHI 04/19/2021 07:05PM ET,PHI,0
SP,Cristopher Sanchez (17151924),Cristopher Sanchez,17151924,P,4000,SF@PHI 04/19/2021 07:05PM ET,PHI,0
RP,Jose Alvarado (17151925),Jose Alvarado,17151925,P,4000,SF@PHI 04/19/2021 07:05PM ET,PHI,5.66
SP,David Parkinson (17151930),David Parkinson,17151930,P,4000,SF@PHI 04/19/2021 07:05PM ET,PHI,0
RP,Rico Garcia (17151933),Rico Garcia,17151933,P,4000,SF@PHI 04/19/2021 07:05PM ET,SF,0
RP,David Paulino (17151937),David Paulino,17151937,P,4000,SF@PHI 04/19/2021 07:05PM ET,PHI,0
SP,Gregory Santos (17151940),Gregory Santos,17151940,P,4000,SF@PHI 04/19/2021 07:05PM ET,SF,0
RP,Tyler Cyr (17151947),Tyler Cyr,17151947,P,4000,SF@PHI 04/19/2021 07:05PM ET,SF,0
SP,Tristan Beck (17151950),Tristan Beck,17151950,P,4000,SF@PHI 04/19/2021 07:05PM ET,SF,0
SP,Nick Tropeano (17151951),Nick Tropeano,17151951,P,4000,SF@PHI 04/19/2021 07:05PM ET,SF,0
RP,Jarlin Garcia (17151952),Jarlin Garcia,17151952,P,4000,SF@PHI 04/19/2021 07:05PM ET,SF,2.24
RP,Brandon Kintzler (17151953),Brandon Kintzler,17151953,P,4000,SF@PHI 04/19/2021 07:05PM ET,PHI,3.02
RP,Dominic Leone (17151959),Dominic Leone,17151959,P,4000,SF@PHI 04/19/2021 07:05PM ET,SF,0
RP,Jay Jackson (17151966),Jay Jackson,17151966,P,4000,SF@PHI 04/19/2021 07:05PM ET,SF,0
RP,Wandy Peralta (17151974),Wandy Peralta,17151974,P,4000,SF@PHI 04/19/2021 07:05PM ET,SF,2.87
RP,Hector Neris (17151975),Hector Neris,17151975,P,4000,SF@PHI 04/19/2021 07:05PM ET,PHI,3.06
RP,Seranthony Dominguez (17151976),Seranthony Dominguez,17151976,P,4000,SF@PHI 04/19/2021 07:05PM ET,PHI,0
RP,David Hale (17151980),David Hale,17151980,P,4000,SF@PHI 04/19/2021 07:05PM ET,PHI,2.93
SP,Dedniel Nunez (17151991),Dedniel Nunez,17151991,P,4000,SF@PHI 04/19/2021 07:05PM ET,SF,0
RP,Trevor Gott (17151994),Trevor Gott,17151994,P,4000,SF@PHI 04/19/2021 07:05PM ET,SF,0
RP,Connor Brogdon (17151996),Connor Brogdon,17151996,P,4000,SF@PHI 04/19/2021 07:05PM ET,PHI,6.23
SP,Bailey Falter (17152002),Bailey Falter,17152002,P,4000,SF@PHI 04/19/2021 07:05PM ET,PHI,0
RP,Archie Bradley (17152008),Archie Bradley,17152008,P,4000,SF@PHI 04/19/2021 07:05PM ET,PHI,1.44
SP,Scott Kazmir (17152009),Scott Kazmir,17152009,P,4000,SF@PHI 04/19/2021 07:05PM ET,SF,0
RP,Philip Pfeifer (17152024),Philip Pfeifer,17152024,P,4000,SF@PHI 04/19/2021 07:05PM ET,SF,0
SP,Shun Yamaguchi (17152035),Shun Yamaguchi,17152035,P,4000,SF@PHI 04/19/2021 07:05PM ET,SF,0
SP,Anthony Banda (17152036),Anthony Banda,17152036,P,4000,SF@PHI 04/19/2021 07:05PM ET,SF,0
SP,Bryan Mitchell (17152037),Bryan Mitchell,17152037,P,4000,SF@PHI 04/19/2021 07:05PM ET,PHI,0
RP,Sam Coonrod (17152039),Sam Coonrod,17152039,P,4000,SF@PHI 04/19/2021 07:05PM ET,PHI,4.31
RP,John Brebbia (17152044),John Brebbia,17152044,P,4000,SF@PHI 04/19/2021 07:05PM ET,SF,0
RP,JD Hammer (17152048),JD Hammer,17152048,P,4000,SF@PHI 04/19/2021 07:05PM ET,PHI,0
RP,Jake McGee (17152061),Jake McGee,17152061,P,4000,SF@PHI 04/19/2021 07:05PM ET,SF,3.71
RP,Tyler Rogers (17152062),Tyler Rogers,17152062,P,4000,SF@PHI 04/19/2021 07:05PM ET,SF,3.14
RP,Daniel Alvarez (17152063),Daniel Alvarez,17152063,P,4000,SF@PHI 04/19/2021 07:05PM ET,SF,0
RP,Reyes Moronta (17152070),Reyes Moronta,17152070,P,4000,SF@PHI 04/19/2021 07:05PM ET,SF,2.6
RP,James Sherfy (17152076),James Sherfy,17152076,P,4000,SF@PHI 04/19/2021 07:05PM ET,SF,0
RP,Silvino Bracho (17152081),Silvino Bracho,17152081,P,4000,SF@PHI 04/19/2021 07:05PM ET,SF,0
RP,Conner Menez (17152083),Conner Menez,17152083,P,4000,SF@PHI 04/19/2021 07:05PM ET,SF,0
RP,Neftali Feliz (17152086),Neftali Feliz,17152086,P,4000,SF@PHI 04/19/2021 07:05PM ET,PHI,0
RP,Sam Selman (17152087),Sam Selman,17152087,P,4000,SF@PHI 04/19/2021 07:05PM ET,SF,0
SP,Kervin Castro (17152094),Kervin Castro,17152094,P,4000,SF@PHI 04/19/2021 07:05PM ET,SF,0
C,Yan Gomes (17151398),Yan Gomes,17151398,C,4000,STL@WAS 04/19/2021 07:05PM ET,WAS,5.71
3B,Starlin Castro (17151400),Starlin Castro,17151400,3B,4000,STL@WAS 04/19/2021 07:05PM ET,WAS,6.31
RP,Sam Clay (17151895),Sam Clay,17151895,P,4000,STL@WAS 04/19/2021 07:05PM ET,WAS,2.22
SP,Tyler Dyson (17151899),Tyler Dyson,17151899,P,4000,STL@WAS 04/19/2021 07:05PM ET,WAS,0
SP,Cade Cavalli (17151907),Cade Cavalli,17151907,P,4000,STL@WAS 04/19/2021 07:05PM ET,WAS,0
RP,Brad Hand (17151910),Brad Hand,17151910,P,4000,STL@WAS 04/19/2021 07:05PM ET,WAS,5
SP,Paolo Espino (17151911),Paolo Espino,17151911,P,4000,STL@WAS 04/19/2021 07:05PM ET,WAS,8.15
RP,Kyle McGowin (17151912),Kyle McGowin,17151912,P,4000,STL@WAS 04/19/2021 07:05PM ET,WAS,2.69
RP,Javy Guerra (17151915),Javy Guerra,17151915,P,4000,STL@WAS 04/19/2021 07:05PM ET,WAS,0
RP,Kyle Finnegan (17151921),Kyle Finnegan,17151921,P,4000,STL@WAS 04/19/2021 07:05PM ET,WAS,3.91
RP,Luis Avilan (17151926),Luis Avilan,17151926,P,4000,STL@WAS 04/19/2021 07:05PM ET,WAS,1.16
RP,Tyler Webb (17151935),Tyler Webb,17151935,P,4000,STL@WAS 04/19/2021 07:05PM ET,STL,1.21
RP,Junior Fernandez (17151938),Junior Fernandez,17151938,P,4000,STL@WAS 04/19/2021 07:05PM ET,STL,0
RP,Kodi Whitley (17151956),Kodi Whitley,17151956,P,4000,STL@WAS 04/19/2021 07:05PM ET,STL,3.92
RP,Roel Ramirez (17151963),Roel Ramirez,17151963,P,4000,STL@WAS 04/19/2021 07:05PM ET,STL,0
RP,Jesus Cruz (17151964),Jesus Cruz,17151964,P,4000,STL@WAS 04/19/2021 07:05PM ET,STL,0
RP,Bernardo Flores Jr. (17151970),Bernardo Flores Jr.,17151970,P,4000,STL@WAS 04/19/2021 07:05PM ET,STL,0
SP,Joan Adon (17151972),Joan Adon,17151972,P,4000,STL@WAS 04/19/2021 07:05PM ET,WAS,0
RP,Jordan Hicks (17151986),Jordan Hicks,17151986,P,4000,STL@WAS 04/19/2021 07:05PM ET,STL,3.82
RP,Steven Fuentes (17151989),Steven Fuentes,17151989,P,4000,STL@WAS 04/19/2021 07:05PM ET,WAS,0
RP,T.J. McFarland (17151993),T.J. McFarland,17151993,P,4000,STL@WAS 04/19/2021 07:05PM ET,WAS,0
SP,Cole Henry (17152003),Cole Henry,17152003,P,4000,STL@WAS 04/19/2021 07:05PM ET,WAS,0
RP,Zack Thompson (17152034),Zack Thompson,17152034,P,4000,STL@WAS 04/19/2021 07:05PM ET,STL,0
SP,Rogelio Armenteros (17152038),Rogelio Armenteros,17152038,P,4000,STL@WAS 04/19/2021 07:05PM ET,WAS,0
RP,Will Harris (17152041),Will Harris,17152041,P,4000,STL@WAS 04/19/2021 07:05PM ET,WAS,0
SP,Tyler Eppler (17152047),Tyler Eppler,17152047,P,4000,STL@WAS 04/19/2021 07:05PM ET,WAS,0
RP,Dakota Bacus (17152054),Dakota Bacus,17152054,P,4000,STL@WAS 04/19/2021 07:05PM ET,WAS,0
RP,Johan Quezada (17152059),Johan Quezada,17152059,P,4000,STL@WAS 04/19/2021 07:05PM ET,STL,0
SP,Jackson Rutledge (17152065),Jackson Rutledge,17152065,P,4000,STL@WAS 04/19/2021 07:05PM ET,WAS,0
RP,Matt Cronin (17152079),Matt Cronin,17152079,P,4000,STL@WAS 04/19/2021 07:05PM ET,WAS,0
RP,Tanner Rainey (17152080),Tanner Rainey,17152080,P,4000,STL@WAS 04/19/2021 07:05PM ET,WAS,0.59
RP,Wander Suero (17152091),Wander Suero,17152091,P,4000,STL@WAS 04/19/2021 07:05PM ET,WAS,2.33
RP,Ryne Harper (17152092),Ryne Harper,17152092,P,4000,STL@WAS 04/19/2021 07:05PM ET,WAS,0.45
RP,Ben Braymer (17152093),Ben Braymer,17152093,P,4000,STL@WAS 04/19/2021 07:05PM ET,WAS,0
RP,Michel Baez (17151887),Michel Baez,17151887,P,4000,MIL@SD 04/19/2021 10:10PM ET,SD,0
RP,Craig Stammen (17151890),Craig Stammen,17151890,P,4000,MIL@SD 04/19/2021 10:10PM ET,SD,6.46
RP,Brad Boxberger (17151901),Brad Boxberger,17151901,P,4000,MIL@SD 04/19/2021 10:10PM ET,MIL,2.94
RP,Javy Guerra (17151905),Javy Guerra,17151905,P,4000,MIL@SD 04/19/2021 10:10PM ET,SD,0
RP,Keone Kela (17151908),Keone Kela,17151908,P,4000,MIL@SD 04/19/2021 10:10PM ET,SD,5.06
RP,J.P. Feyereisen (17151919),J.P. Feyereisen,17151919,P,4000,MIL@SD 04/19/2021 10:10PM ET,MIL,3.4
RP,Pierce Johnson (17151922),Pierce Johnson,17151922,P,4000,MIL@SD 04/19/2021 10:10PM ET,SD,2.48
RP,Devin Williams (17151923),Devin Williams,17151923,P,4000,MIL@SD 04/19/2021 10:10PM ET,MIL,1.7
RP,Chase Johnson (17151939),Chase Johnson,17151939,P,4000,MIL@SD 04/19/2021 10:10PM ET,SD,0
RP,Chad Sobotka (17151941),Chad Sobotka,17151941,P,4000,MIL@SD 04/19/2021 10:10PM ET,MIL,0
RP,Jose Castillo (17151946),Jose Castillo,17151946,P,4000,MIL@SD 04/19/2021 10:10PM ET,SD,0
RP,Austin Adams (17151954),Austin Adams,17151954,P,4000,MIL@SD 04/19/2021 10:10PM ET,SD,1.68
RP,Aaron Northcraft (17151955),Aaron Northcraft,17151955,P,4000,MIL@SD 04/19/2021 10:10PM ET,SD,0
RP,Trey Wingenter (17151961),Trey Wingenter,17151961,P,4000,MIL@SD 04/19/2021 10:10PM ET,SD,0
RP,Phil Bickford (17151973),Phil Bickford,17151973,P,4000,MIL@SD 04/19/2021 10:10PM ET,MIL,0
RP,Dan Altavilla (17151977),Dan Altavilla,17151977,P,4000,MIL@SD 04/19/2021 10:10PM ET,SD,2.2
RP,Patrick Weigel (17151978),Patrick Weigel,17151978,P,4000,MIL@SD 04/19/2021 10:10PM ET,MIL,0
RP,Daniel Camarena (17151988),Daniel Camarena,17151988,P,4000,MIL@SD 04/19/2021 10:10PM ET,SD,0
RP,Bobby Wahl (17151992),Bobby Wahl,17151992,P,4000,MIL@SD 04/19/2021 10:10PM ET,MIL,0
RP,Justin Topa (17151995),Justin Topa,17151995,P,4000,MIL@SD 04/19/2021 10:10PM ET,MIL,0
RP,Eric Yardley (17152001),Eric Yardley,17152001,P,4000,MIL@SD 04/19/2021 10:10PM ET,MIL,0.05
RP,Nick Ramirez (17152010),Nick Ramirez,17152010,P,4000,MIL@SD 04/19/2021 10:10PM ET,SD,0
RP,Matt Strahm (17152011),Matt Strahm,17152011,P,4000,MIL@SD 04/19/2021 10:10PM ET,SD,0
RP,Parker Markel (17152018),Parker Markel,17152018,P,4000,MIL@SD 04/19/2021 10:10PM ET,SD,0
RP,Miguel Diaz (17152020),Miguel Diaz,17152020,P,4000,MIL@SD 04/19/2021 10:10PM ET,SD,0
RP,Tim Hill (17152027),Tim Hill,17152027,P,4000,MIL@SD 04/19/2021 10:10PM ET,SD,2.81
RP,James Norwood (17152033),James Norwood,17152033,P,4000,MIL@SD 04/19/2021 10:10PM ET,SD,0
RP,Taylor Williams (17152045),Taylor Williams,17152045,P,4000,MIL@SD 04/19/2021 10:10PM ET,SD,3.44
RP,Mark Melancon (17152055),Mark Melancon,17152055,P,4000,MIL@SD 04/19/2021 10:10PM ET,SD,3.81
RP,Blaine Hardy (17152056),Blaine Hardy,17152056,P,4000,MIL@SD 04/19/2021 10:10PM ET,MIL,0
RP,Clayton Andrews (17152069),Clayton Andrews,17152069,P,4000,MIL@SD 04/19/2021 10:10PM ET,MIL,0
RP,Hoby Milner (17152078),Hoby Milner,17152078,P,4000,MIL@SD 04/19/2021 10:10PM ET,MIL,0
RP,Emilio Pagan (17152095),Emilio Pagan,17152095,P,4000,MIL@SD 04/19/2021 10:10PM ET,SD,4.19
1B,Ji-Man Choi (17151523),Ji-Man Choi,17151523,1B,4000,TB@KC 04/19/2021 08:10PM ET,TB,0
RP,Ryan Thompson (17151882),Ryan Thompson,17151882,P,4000,TB@KC 04/19/2021 08:10PM ET,TB,2.6
RP,Pete Fairbanks (17151884),Pete Fairbanks,17151884,P,4000,TB@KC 04/19/2021 08:10PM ET,TB,1.67
RP,Andrew Kittredge (17151886),Andrew Kittredge,17151886,P,4000,TB@KC 04/19/2021 08:10PM ET,TB,5.67
RP,Nick Anderson (17151916),Nick Anderson,17151916,P,4000,TB@KC 04/19/2021 08:10PM ET,TB,0
RP,Jake Newberry (17151917),Jake Newberry,17151917,P,4000,TB@KC 04/19/2021 08:10PM ET,KC,-0.85
RP,Ryan Sherriff (17151929),Ryan Sherriff,17151929,P,4000,TB@KC 04/19/2021 08:10PM ET,TB,-2.45
RP,Brad Brach (17151943),Brad Brach,17151943,P,4000,TB@KC 04/19/2021 08:10PM ET,KC,0
RP,Tyler Zuber (17151960),Tyler Zuber,17151960,P,4000,TB@KC 04/19/2021 08:10PM ET,KC,5.65
RP,Brian Moran (17151962),Brian Moran,17151962,P,4000,TB@KC 04/19/2021 08:10PM ET,TB,0
RP,Yacksel Rios (17151967),Yacksel Rios,17151967,P,4000,TB@KC 04/19/2021 08:10PM ET,TB,0
RP,Wade Davis (17151984),Wade Davis,17151984,P,4000,TB@KC 04/19/2021 08:10PM ET,KC,2.29
RP,Jake Brentz (17151985),Jake Brentz,17151985,P,4000,TB@KC 04/19/2021 08:10PM ET,KC,2.12
RP,Jalen Beeks (17152004),Jalen Beeks,17152004,P,4000,TB@KC 04/19/2021 08:10PM ET,TB,0
RP,Gabe Speier (17152007),Gabe Speier,17152007,P,4000,TB@KC 04/19/2021 08:10PM ET,KC,0
RP,Chris Ellis (17152016),Chris Ellis,17152016,P,4000,TB@KC 04/19/2021 08:10PM ET,TB,0
RP,Scott Barlow (17152019),Scott Barlow,17152019,P,4000,TB@KC 04/19/2021 08:10PM ET,KC,4.85
RP,Collin McHugh (17152022),Collin McHugh,17152022,P,4000,TB@KC 04/19/2021 08:10PM ET,TB,-0.1
RP,Diego Castillo (17152025),Diego Castillo,17152025,P,4000,TB@KC 04/19/2021 08:10PM ET,TB,5.01
RP,Oliver Drake (17152029),Oliver Drake,17152029,P,4000,TB@KC 04/19/2021 08:10PM ET,TB,0
RP,Chaz Roe (17152040),Chaz Roe,17152040,P,4000,TB@KC 04/19/2021 08:10PM ET,TB,0.3
RP,Colin Poche (17152046),Colin Poche,17152046,P,4000,TB@KC 04/19/2021 08:10PM ET,TB,0
RP,Shane McClanahan (17152066),Shane McClanahan,17152066,P,4000,TB@KC 04/19/2021 08:10PM ET,TB,0
RP,Jeffrey Springs (17152067),Jeffrey Springs,17152067,P,4000,TB@KC 04/19/2021 08:10PM ET,TB,4.02
RP,Joey Krehbiel (17152074),Joey Krehbiel,17152074,P,4000,TB@KC 04/19/2021 08:10PM ET,TB,0
RP,Josh Staumont (17152084),Josh Staumont,17152084,P,4000,TB@KC 04/19/2021 08:10PM ET,KC,3.71
RP,Hunter Strickland (17152090),Hunter Strickland,17152090,P,4000,TB@KC 04/19/2021 08:10PM ET,TB,6.6
RP,Greg Holland (17152096),Greg Holland,17152096,P,4000,TB@KC 04/19/2021 08:10PM ET,KC,3.51
RP,Jimmy Herget (17151889),Jimmy Herget,17151889,P,4000,TEX@LAA 04/19/2021 09:38PM ET,TEX,0
RP,Nick Vincent (17151896),Nick Vincent,17151896,P,4000,TEX@LAA 04/19/2021 09:38PM ET,TEX,0
RP,Steve Cishek (17151909),Steve Cishek,17151909,P,4000,TEX@LAA 04/19/2021 09:38PM ET,LAA,1.74
RP,Josh Sborz (17151913),Josh Sborz,17151913,P,4000,TEX@LAA 04/19/2021 09:38PM ET,TEX,2.08
RP,Ben Rowen (17151914),Ben Rowen,17151914,P,4000,TEX@LAA 04/19/2021 09:38PM ET,LAA,2.58
RP,Joe Palumbo (17151920),Joe Palumbo,17151920,P,4000,TEX@LAA 04/19/2021 09:38PM ET,TEX,0
RP,Jose Quijada (17151927),Jose Quijada,17151927,P,4000,TEX@LAA 04/19/2021 09:38PM ET,LAA,0
RP,Noe Ramirez (17151936),Noe Ramirez,17151936,P,4000,TEX@LAA 04/19/2021 09:38PM ET,LAA,0
RP,Raisel Iglesias (17151942),Raisel Iglesias,17151942,P,4000,TEX@LAA 04/19/2021 09:38PM ET,LAA,4.3
RP,John King (17151944),John King,17151944,P,4000,TEX@LAA 04/19/2021 09:38PM ET,TEX,4.19
RP,Joe Gatto (17151965),Joe Gatto,17151965,P,4000,TEX@LAA 04/19/2021 09:38PM ET,TEX,0
RP,Brett Martin (17151969),Brett Martin,17151969,P,4000,TEX@LAA 04/19/2021 09:38PM ET,TEX,1.05
RP,Matt Bush (17151979),Matt Bush,17151979,P,4000,TEX@LAA 04/19/2021 09:38PM ET,TEX,1.92
RP,Mike Mayers (17151981),Mike Mayers,17151981,P,4000,TEX@LAA 04/19/2021 09:38PM ET,LAA,4.46
RP,DeMarcus Evans (17151990),DeMarcus Evans,17151990,P,4000,TEX@LAA 04/19/2021 09:38PM ET,TEX,0
RP,Gerardo Reyes (17151999),Gerardo Reyes,17151999,P,4000,TEX@LAA 04/19/2021 09:38PM ET,LAA,0
RP,Taylor Hearn (17152000),Taylor Hearn,17152000,P,4000,TEX@LAA 04/19/2021 09:38PM ET,TEX,4.36
RP,Felix Pena (17152005),Felix Pena,17152005,P,4000,TEX@LAA 04/19/2021 09:38PM ET,LAA,0
RP,Joely Rodriguez (17152006),Joely Rodriguez,17152006,P,4000,TEX@LAA 04/19/2021 09:38PM ET,TEX,-2.3
RP,Hector Yan (17152012),Hector Yan,17152012,P,4000,TEX@LAA 04/19/2021 09:38PM ET,LAA,0
RP,Luke Bard (17152013),Luke Bard,17152013,P,4000,TEX@LAA 04/19/2021 09:38PM ET,LAA,0
RP,Spencer Patton (17152021),Spencer Patton,17152021,P,4000,TEX@LAA 04/19/2021 09:38PM ET,TEX,0
RP,Yerry Rodriguez (17152028),Yerry Rodriguez,17152028,P,4000,TEX@LAA 04/19/2021 09:38PM ET,TEX,0
RP,Tony Watson (17152043),Tony Watson,17152043,P,4000,TEX@LAA 04/19/2021 09:38PM ET,LAA,2.62
RP,Alex Claudio (17152050),Alex Claudio,17152050,P,4000,TEX@LAA 04/19/2021 09:38PM ET,LAA,1.39
RP,Drew Anderson (17152051),Drew Anderson,17152051,P,4000,TEX@LAA 04/19/2021 09:38PM ET,TEX,0
RP,Jake Reed (17152053),Jake Reed,17152053,P,4000,TEX@LAA 04/19/2021 09:38PM ET,LAA,0
RP,Jose Leclerc (17152057),Jose Leclerc,17152057,P,4000,TEX@LAA 04/19/2021 09:38PM ET,TEX,0
RP,Thomas Pannone (17152058),Thomas Pannone,17152058,P,4000,TEX@LAA 04/19/2021 09:38PM ET,LAA,0
RP,Hunter Wood (17152071),Hunter Wood,17152071,P,4000,TEX@LAA 04/19/2021 09:38PM ET,TEX,0
RP,Jonathan Hernandez (17152072),Jonathan Hernandez,17152072,P,4000,TEX@LAA 04/19/2021 09:38PM ET,TEX,0
RP,James Hoyt (17152075),James Hoyt,17152075,P,4000,TEX@LAA 04/19/2021 09:38PM ET,LAA,0
RP,Luis Ortiz (17152085),Luis Ortiz,17152085,P,4000,TEX@LAA 04/19/2021 09:38PM ET,TEX,0
RP,Brett de Geus (17152089),Brett de Geus,17152089,P,4000,TEX@LAA 04/19/2021 09:38PM ET,TEX,2.13
OF,Mitch Haniger (17151399),Mitch Haniger,17151399,OF,4000,LAD@SEA 04/19/2021 10:10PM ET,SEA,10.8
RP,Joe Kelly (17151883),Joe Kelly,17151883,P,4000,LAD@SEA 04/19/2021 10:10PM ET,LAD,0
RP,Victor Gonzalez (17151885),Victor Gonzalez,17151885,P,4000,LAD@SEA 04/19/2021 10:10PM ET,LAD,1.75
RP,Brusdar Graterol (17151891),Brusdar Graterol,17151891,P,4000,LAD@SEA 04/19/2021 10:10PM ET,LAD,-0.3
RP,JT Chargois (17151892),JT Chargois,17151892,P,4000,LAD@SEA 04/19/2021 10:10PM ET,SEA,0
SP,Josiah Gray (17151894),Josiah Gray,17151894,P,4000,LAD@SEA 04/19/2021 10:10PM ET,LAD,0
RP,Domingo Tapia (17151897),Domingo Tapia,17151897,P,4000,LAD@SEA 04/19/2021 10:10PM ET,SEA,0
RP,Enny Romero (17151902),Enny Romero,17151902,P,4000,LAD@SEA 04/19/2021 10:10PM ET,LAD,0
RP,Brandon Brennan (17151904),Brandon Brennan,17151904,P,4000,LAD@SEA 04/19/2021 10:10PM ET,SEA,0
RP,Alex Vesia (17151906),Alex Vesia,17151906,P,4000,LAD@SEA 04/19/2021 10:10PM ET,LAD,0
RP,Jimmy Yacabonis (17151928),Jimmy Yacabonis,17151928,P,4000,LAD@SEA 04/19/2021 10:10PM ET,SEA,0
RP,Corey Knebel (17151931),Corey Knebel,17151931,P,4000,LAD@SEA 04/19/2021 10:10PM ET,LAD,4.07
SP,Andre Jackson (17151932),Andre Jackson,17151932,P,4000,LAD@SEA 04/19/2021 10:10PM ET,LAD,0
RP,Ken Giles (17151934),Ken Giles,17151934,P,4000,LAD@SEA 04/19/2021 10:10PM ET,SEA,0
RP,Blake Treinen (17151945),Blake Treinen,17151945,P,4000,LAD@SEA 04/19/2021 10:10PM ET,LAD,3.42
RP,Keynan Middleton (17151948),Keynan Middleton,17151948,P,4000,LAD@SEA 04/19/2021 10:10PM ET,SEA,1.98
RP,Brady Lail (17151949),Brady Lail,17151949,P,4000,LAD@SEA 04/19/2021 10:10PM ET,SEA,0
RP,Paul Sewald (17151957),Paul Sewald,17151957,P,4000,LAD@SEA 04/19/2021 10:10PM ET,SEA,0
RP,Taylor Guerrieri (17151958),Taylor Guerrieri,17151958,P,4000,LAD@SEA 04/19/2021 10:10PM ET,SEA,0
RP,Bobby Miller (17151968),Bobby Miller,17151968,P,4000,LAD@SEA 04/19/2021 10:10PM ET,LAD,0
RP,Caleb Ferguson (17151971),Caleb Ferguson,17151971,P,4000,LAD@SEA 04/19/2021 10:10PM ET,LAD,0
RP,Will Vest (17151982),Will Vest,17151982,P,4000,LAD@SEA 04/19/2021 10:10PM ET,SEA,4.34
RP,Joey Gerber (17151983),Joey Gerber,17151983,P,4000,LAD@SEA 04/19/2021 10:10PM ET,SEA,0
SP,Ryan Pepiot (17151987),Ryan Pepiot,17151987,P,4000,LAD@SEA 04/19/2021 10:10PM ET,LAD,0
RP,Casey Sadler (17151997),Casey Sadler,17151997,P,4000,LAD@SEA 04/19/2021 10:10PM ET,SEA,3.22
RP,Drew Steckenrider (17151998),Drew Steckenrider,17151998,P,4000,LAD@SEA 04/19/2021 10:10PM ET,SEA,2.97
RP,Tommy Kahnle (17152014),Tommy Kahnle,17152014,P,4000,LAD@SEA 04/19/2021 10:10PM ET,LAD,0
RP,Yohan Ramirez (17152015),Yohan Ramirez,17152015,P,4000,LAD@SEA 04/19/2021 10:10PM ET,SEA,0
SP,Michael Grove (17152017),Michael Grove,17152017,P,4000,LAD@SEA 04/19/2021 10:10PM ET,LAD,0
RP,James Pazos (17152023),James Pazos,17152023,P,4000,LAD@SEA 04/19/2021 10:10PM ET,LAD,0
SP,Landon Knack (17152026),Landon Knack,17152026,P,4000,LAD@SEA 04/19/2021 10:10PM ET,LAD,0
SP,Edwin Uceta (17152030),Edwin Uceta,17152030,P,4000,LAD@SEA 04/19/2021 10:10PM ET,LAD,0
RP,Kenley Jansen (17152031),Kenley Jansen,17152031,P,4000,LAD@SEA 04/19/2021 10:10PM ET,LAD,3.82
RP,Ashton Goudeau (17152032),Ashton Goudeau,17152032,P,4000,LAD@SEA 04/19/2021 10:10PM ET,LAD,0
SP,Kendall Williams (17152042),Kendall Williams,17152042,P,4000,LAD@SEA 04/19/2021 10:10PM ET,LAD,0
RP,Mitch White (17152049),Mitch White,17152049,P,4000,LAD@SEA 04/19/2021 10:10PM ET,LAD,0
RP,Rafael Montero (17152052),Rafael Montero,17152052,P,4000,LAD@SEA 04/19/2021 10:10PM ET,SEA,3.36
RP,Garrett Cleavinger (17152060),Garrett Cleavinger,17152060,P,4000,LAD@SEA 04/19/2021 10:10PM ET,LAD,0
RP,Wyatt Mills (17152064),Wyatt Mills,17152064,P,4000,LAD@SEA 04/19/2021 10:10PM ET,SEA,0
RP,Andres Munoz (17152068),Andres Munoz,17152068,P,4000,LAD@SEA 04/19/2021 10:10PM ET,SEA,0
RP,Scott Alexander (17152073),Scott Alexander,17152073,P,4000,LAD@SEA 04/19/2021 10:10PM ET,LAD,1.27
RP,Aaron Fletcher (17152077),Aaron Fletcher,17152077,P,4000,LAD@SEA 04/19/2021 10:10PM ET,SEA,0
RP,Dennis Santana (17152082),Dennis Santana,17152082,P,4000,LAD@SEA 04/19/2021 10:10PM ET,LAD,1.36
SP,Gerardo Carrillo (17152088),Gerardo Carrillo,17152088,P,4000,LAD@SEA 04/19/2021 10:10PM ET,LAD,0
SS,Brandon Crawford (17151406),Brandon Crawford,17151406,SS,3900,SF@PHI 04/19/2021 07:05PM ET,SF,6.67
1B,Ryan Zimmerman (17151408),Ryan Zimmerman,17151408,1B,3900,STL@WAS 04/19/2021 07:05PM ET,WAS,5.17
C,Omar Narvaez (17151405),Omar Narvaez,17151405,C,3900,MIL@SD 04/19/2021 10:10PM ET,MIL,6.69
OF,Avisail Garcia (17151407),Avisail Garcia,17151407,OF,3900,MIL@SD 04/19/2021 10:10PM ET,MIL,9.23
2B/OF,Dylan Moore (17151403),Dylan Moore,17151403,2B/OF,3900,LAD@SEA 04/19/2021 10:10PM ET,SEA,5.13
OF,Alex Dickerson (17151411),Alex Dickerson,17151411,OF,3800,SF@PHI 04/19/2021 07:05PM ET,SF,3.87
SS,Paul DeJong (17151410),Paul DeJong,17151410,SS,3800,STL@WAS 04/19/2021 07:05PM ET,STL,6.64
2B,Jake Cronenworth (17151409),Jake Cronenworth,17151409,2B,3800,MIL@SD 04/19/2021 10:10PM ET,SD,7.88
1B/C,Austin Nola (17151524),Austin Nola,17151524,C/1B,3800,MIL@SD 04/19/2021 10:10PM ET,SD,0
OF,Khris Davis (17151526),Khris Davis,17151526,OF,3800,TEX@LAA 04/19/2021 09:38PM ET,TEX,0
OF,Lorenzo Cain (17151528),Lorenzo Cain,17151528,OF,3700,MIL@SD 04/19/2021 10:10PM ET,MIL,7.86
C,Mike Zunino (17151413),Mike Zunino,17151413,C,3700,TB@KC 04/19/2021 08:10PM ET,TB,7
2B,David Fletcher (17151412),David Fletcher,17151412,2B,3700,TEX@LAA 04/19/2021 09:38PM ET,LAA,6
3B,Brock Holt (17151414),Brock Holt,17151414,3B,3700,TEX@LAA 04/19/2021 09:38PM ET,TEX,6.8
OF,Justin Upton (17151415),Justin Upton,17151415,OF,3700,TEX@LAA 04/19/2021 09:38PM ET,LAA,7.91
1B,Matt Thaiss (17151527),Matt Thaiss,17151527,1B,3700,TEX@LAA 04/19/2021 09:38PM ET,LAA,0
1B/OF,Darin Ruf (17151421),Darin Ruf,17151421,1B/OF,3600,SF@PHI 04/19/2021 07:05PM ET,SF,4
SS,Willy Adames (17151416),Willy Adames,17151416,SS,3600,TB@KC 04/19/2021 08:10PM ET,TB,4.19
OF,Michael A. Taylor (17151418),Michael A. Taylor,17151418,OF,3600,TB@KC 04/19/2021 08:10PM ET,KC,6.71
2B/3B,Mike Brosseau (17151419),Mike Brosseau,17151419,2B/3B,3600,TB@KC 04/19/2021 08:10PM ET,TB,6.1
C,Kurt Suzuki (17151417),Kurt Suzuki,17151417,C,3600,TEX@LAA 04/19/2021 09:38PM ET,LAA,3.43
3B,Alec Bohm (17151425),Alec Bohm,17151425,3B,3500,SF@PHI 04/19/2021 07:05PM ET,PHI,6.07
OF,Victor Robles (17151427),Victor Robles,17151427,OF,3500,STL@WAS 04/19/2021 07:05PM ET,WAS,4.85
C,Victor Caratini (17151424),Victor Caratini,17151424,C,3500,MIL@SD 04/19/2021 10:10PM ET,SD,4.08
OF,Jackie Bradley Jr. (17151426),Jackie Bradley Jr.,17151426,OF,3500,MIL@SD 04/19/2021 10:10PM ET,MIL,6.29
1B,Yandy Diaz (17151428),Yandy Diaz,17151428,1B,3500,TB@KC 04/19/2021 08:10PM ET,TB,6
SS,Adalberto Mondesi (17151529),Adalberto Mondesi,17151529,SS,3500,TB@KC 04/19/2021 08:10PM ET,KC,0
2B,Ty France (17151423),Ty France,17151423,2B,3500,LAD@SEA 04/19/2021 10:10PM ET,SEA,8.87
C,Andrew Knapp (17151429),Andrew Knapp,17151429,C,3400,SF@PHI 04/19/2021 07:05PM ET,PHI,4.2
1B,Brandon Belt (17151434),Brandon Belt,17151434,1B,3400,SF@PHI 04/19/2021 07:05PM ET,SF,4.8
OF,Dylan Carlson (17151430),Dylan Carlson,17151430,OF,3400,STL@WAS 04/19/2021 07:05PM ET,STL,7.8
OF,David Dahl (17151431),David Dahl,17151431,OF,3400,TEX@LAA 04/19/2021 09:38PM ET,TEX,5.5
SS,Jose Iglesias (17151432),Jose Iglesias,17151432,SS,3400,TEX@LAA 04/19/2021 09:38PM ET,LAA,4.69
3B,Jose Rojas (17151433),Jose Rojas,17151433,3B,3400,TEX@LAA 04/19/2021 09:38PM ET,LAA,1.29
2B,Gavin Lux (17151530),Gavin Lux,17151530,2B,3400,LAD@SEA 04/19/2021 10:10PM ET,LAD,4.92
OF/SS,Mauricio Dubon (17151437),Mauricio Dubon,17151437,SS/OF,3300,SF@PHI 04/19/2021 07:05PM ET,SF,1.25
3B/SS,Ha-Seong Kim (17151439),Ha-Seong Kim,17151439,3B/SS,3300,MIL@SD 04/19/2021 10:10PM ET,SD,3.73
2B,Kolten Wong (17151531),Kolten Wong,17151531,2B,3300,MIL@SD 04/19/2021 10:10PM ET,MIL,4.14
OF,Jorge Soler (17151436),Jorge Soler,17151436,OF,3300,TB@KC 04/19/2021 08:10PM ET,KC,4.86
C,Jose Trevino (17151435),Jose Trevino,17151435,C,3300,TEX@LAA 04/19/2021 09:38PM ET,TEX,5.36
1B,Albert Pujols (17151441),Albert Pujols,17151441,1B,3300,TEX@LAA 04/19/2021 09:38PM ET,LAA,5.1
2B/SS,Jordy Mercer (17151444),Jordy Mercer,17151444,2B/SS,3200,STL@WAS 04/19/2021 07:05PM ET,WAS,2.83
OF,Andrew Benintendi (17151443),Andrew Benintendi,17151443,OF,3200,TB@KC 04/19/2021 08:10PM ET,KC,6.46
1B/OF,Ronald Guzman (17151532),Ronald Guzman,17151532,1B/OF,3200,TEX@LAA 04/19/2021 09:38PM ET,TEX,2.29
C,Max Stassi (17151534),Max Stassi,17151534,C,3200,TEX@LAA 04/19/2021 09:38PM ET,LAA,5.57
3B/SS,Anderson Tejeda (17151535),Anderson Tejeda,17151535,3B/SS,3200,TEX@LAA 04/19/2021 09:38PM ET,TEX,2.4
C,Luis Torrens (17151442),Luis Torrens,17151442,C,3200,LAD@SEA 04/19/2021 10:10PM ET,SEA,3.42
2B,Matt Carpenter (17151452),Matt Carpenter,17151452,2B,3100,STL@WAS 04/19/2021 07:05PM ET,STL,2.47
OF,Harrison Bader (17151537),Harrison Bader,17151537,OF,3100,STL@WAS 04/19/2021 07:05PM ET,STL,0
SS,Luis Urias (17151449),Luis Urias,17151449,SS,3100,MIL@SD 04/19/2021 10:10PM ET,MIL,5.86
C,Francisco Mejia (17151446),Francisco Mejia,17151446,C,3100,TB@KC 04/19/2021 08:10PM ET,TB,6.62
3B/OF,Hunter Dozier (17151450),Hunter Dozier,17151450,3B/OF,3100,TB@KC 04/19/2021 08:10PM ET,KC,3.8
C,Austin Barnes (17151447),Austin Barnes,17151447,C,3100,LAD@SEA 04/19/2021 10:10PM ET,LAD,4
OF,AJ Pollock (17151448),AJ Pollock,17151448,OF,3100,LAD@SEA 04/19/2021 10:10PM ET,LAD,4.14
1B/OF,Jose Marmolejos (17151453),Jose Marmolejos,17151453,1B/OF,3100,LAD@SEA 04/19/2021 10:10PM ET,SEA,6
C,Curt Casali (17151455),Curt Casali,17151455,C,3000,SF@PHI 04/19/2021 07:05PM ET,SF,1.57
C,Chadwick Tromp (17151456),Chadwick Tromp,17151456,C,3000,SF@PHI 04/19/2021 07:05PM ET,SF,0
OF,Andrew Stevenson (17151460),Andrew Stevenson,17151460,OF,3000,STL@WAS 04/19/2021 07:05PM ET,WAS,3.75
1B,Daniel Vogelbach (17151463),Daniel Vogelbach,17151463,1B,3000,MIL@SD 04/19/2021 10:10PM ET,MIL,3.71
2B/3B,Hanser Alberto (17151461),Hanser Alberto,17151461,2B/3B,3000,TB@KC 04/19/2021 08:10PM ET,KC,3.91
OF,Leody Taveras (17151457),Leody Taveras,17151457,OF,3000,TEX@LAA 04/19/2021 09:38PM ET,TEX,2.31
SS,J.P. Crawford (17151458),J.P. Crawford,17151458,SS,3000,LAD@SEA 04/19/2021 10:10PM ET,SEA,4.73
OF,Zach McKinstry (17151459),Zach McKinstry,17151459,OF,3000,LAD@SEA 04/19/2021 10:10PM ET,LAD,8.13
OF,Kyle Lewis (17151538),Kyle Lewis,17151538,OF,3000,LAD@SEA 04/19/2021 10:10PM ET,SEA,0
2B/3B,Thairo Estrada (17151541),Thairo Estrada,17151541,2B/3B,2900,SF@PHI 04/19/2021 07:05PM ET,SF,0
OF,Austin Dean (17151466),Austin Dean,17151466,OF,2900,STL@WAS 04/19/2021 07:05PM ET,STL,4.64
C,Tyler Heineman (17151539),Tyler Heineman,17151539,C,2900,STL@WAS 04/19/2021 07:05PM ET,STL,0
OF,Tyler O'Neill (17151540),Tyler O'Neill,17151540,OF,2900,STL@WAS 04/19/2021 07:05PM ET,STL,4.38
C,Manny Pina (17151464),Manny Pina,17151464,C,2900,MIL@SD 04/19/2021 10:10PM ET,MIL,5.33
OF,Manuel Margot (17151465),Manuel Margot,17151465,OF,2900,TB@KC 04/19/2021 08:10PM ET,TB,7.64
OF,Brett Phillips (17151467),Brett Phillips,17151467,OF,2900,TB@KC 04/19/2021 08:10PM ET,TB,2.78
SS,Nicky Lopez (17151468),Nicky Lopez,17151468,SS,2900,TB@KC 04/19/2021 08:10PM ET,KC,5.43
1B,Yoshi Tsutsugo (17151469),Yoshi Tsutsugo,17151469,1B,2900,TB@KC 04/19/2021 08:10PM ET,TB,3.15
1B,Evan White (17151470),Evan White,17151470,1B,2900,LAD@SEA 04/19/2021 10:10PM ET,SEA,4.75
C,Andrew Knizner (17151473),Andrew Knizner,17151473,C,2800,STL@WAS 04/19/2021 07:05PM ET,STL,2.4
2B/OF,Hernan Perez (17151475),Hernan Perez,17151475,2B/OF,2800,STL@WAS 04/19/2021 07:05PM ET,WAS,1.29
SS,Edmundo Sosa (17151477),Edmundo Sosa,17151477,SS,2800,STL@WAS 04/19/2021 07:05PM ET,STL,1.4
OF,Matt Szczur (17151544),Matt Szczur,17151544,OF,2800,STL@WAS 04/19/2021 07:05PM ET,STL,0
1B/OF,Jurickson Profar (17151478),Jurickson Profar,17151478,1B/OF,2800,MIL@SD 04/19/2021 10:10PM ET,SD,6.71
C,Kevan Smith (17151543),Kevan Smith,17151543,C,2800,TB@KC 04/19/2021 08:10PM ET,TB,0
OF,Eli White (17151472),Eli White,17151472,OF,2800,TEX@LAA 04/19/2021 09:38PM ET,TEX,3.91
OF,Taylor Trammell (17151471),Taylor Trammell,17151471,OF,2800,LAD@SEA 04/19/2021 10:10PM ET,SEA,6.62
OF,Luke Raley (17151474),Luke Raley,17151474,OF,2800,LAD@SEA 04/19/2021 10:10PM ET,LAD,4.14
1B/3B,Edwin Rios (17151480),Edwin Rios,17151480,1B/3B,2800,LAD@SEA 04/19/2021 10:10PM ET,LAD,3.08
OF,Matt Joyce (17151483),Matt Joyce,17151483,OF,2700,SF@PHI 04/19/2021 07:05PM ET,PHI,2
C,Joey Bart (17151549),Joey Bart,17151549,C,2700,SF@PHI 04/19/2021 07:05PM ET,SF,0
OF,LaMonte Wade Jr. (17151550),LaMonte Wade Jr.,17151550,OF,2700,SF@PHI 04/19/2021 07:05PM ET,SF,3.33
1B,Evan Mendoza (17151547),Evan Mendoza,17151547,1B,2700,STL@WAS 04/19/2021 07:05PM ET,STL,0
1B,Luken Baker (17151548),Luken Baker,17151548,1B,2700,STL@WAS 04/19/2021 07:05PM ET,STL,0
2B/SS,Max Moroff (17151553),Max Moroff,17151553,2B/SS,2700,STL@WAS 04/19/2021 07:05PM ET,STL,0
C,Raudy Read (17151555),Raudy Read,17151555,C,2700,STL@WAS 04/19/2021 07:05PM ET,WAS,0
C,Luis Campusano (17151482),Luis Campusano,17151482,C,2700,MIL@SD 04/19/2021 10:10PM ET,SD,2.43
OF,Tommy Pham (17151484),Tommy Pham,17151484,OF,2700,MIL@SD 04/19/2021 10:10PM ET,SD,4.31
OF,Ryan McBroom (17151551),Ryan McBroom,17151551,OF,2700,TB@KC 04/19/2021 08:10PM ET,KC,1.33
3B,Kelvin Gutierrez (17151552),Kelvin Gutierrez,17151552,3B,2700,TB@KC 04/19/2021 08:10PM ET,KC,0
OF,Adolis Garcia (17151485),Adolis Garcia,17151485,OF,2700,TEX@LAA 04/19/2021 09:38PM ET,TEX,6.5
1B/OF,Matt Beaty (17151545),Matt Beaty,17151545,1B/OF,2700,LAD@SEA 04/19/2021 10:10PM ET,LAD,0.7
1B,Brad Miller (17151491),Brad Miller,17151491,1B,2600,SF@PHI 04/19/2021 07:05PM ET,PHI,1.43
OF,Adam Haseley (17151557),Adam Haseley,17151557,OF,2600,SF@PHI 04/19/2021 07:05PM ET,PHI,2
2B/OF,Scott Kingery (17151560),Scott Kingery,17151560,2B/OF,2600,SF@PHI 04/19/2021 07:05PM ET,PHI,0
OF,Justin Williams (17151486),Justin Williams,17151486,OF,2600,STL@WAS 04/19/2021 07:05PM ET,STL,3.47
C,Alex Avila (17151490),Alex Avila,17151490,C,2600,STL@WAS 04/19/2021 07:05PM ET,WAS,1
OF,Lane Thomas (17151558),Lane Thomas,17151558,OF,2600,STL@WAS 04/19/2021 07:05PM ET,STL,2
OF,Conner Capel (17151559),Conner Capel,17151559,OF,2600,STL@WAS 04/19/2021 07:05PM ET,STL,0
C,Ivan Herrera (17151562),Ivan Herrera,17151562,C,2600,STL@WAS 04/19/2021 07:05PM ET,STL,0
C,Ali Sanchez (17151563),Ali Sanchez,17151563,C,2600,STL@WAS 04/19/2021 07:05PM ET,STL,0
2B/SS,Daniel Robertson (17151488),Daniel Robertson,17151488,2B/SS,2600,MIL@SD 04/19/2021 10:10PM ET,MIL,1.31
1B,Brendan McKay (17151492),Brendan McKay,17151492,1B,2600,TB@KC 04/19/2021 08:10PM ET,TB,0
3B,Erick Mejia (17151564),Erick Mejia,17151564,3B,2600,TB@KC 04/19/2021 08:10PM ET,KC,0
OF,Willie Calhoun (17151487),Willie Calhoun,17151487,OF,2600,TEX@LAA 04/19/2021 09:38PM ET,TEX,5.5
OF,Dexter Fowler (17151556),Dexter Fowler,17151556,OF,2600,TEX@LAA 04/19/2021 09:38PM ET,LAA,4.29
OF,Steven Duggar (17151493),Steven Duggar,17151493,OF,2500,SF@PHI 04/19/2021 07:05PM ET,SF,0
3B/SS,Ronald Torreyes (17151501),Ronald Torreyes,17151501,3B/SS,2500,SF@PHI 04/19/2021 07:05PM ET,PHI,1
3B,Nolan Gorman (17151567),Nolan Gorman,17151567,3B,2500,STL@WAS 04/19/2021 07:05PM ET,STL,0
SS,Jose Rondon (17151568),Jose Rondon,17151568,SS,2500,STL@WAS 04/19/2021 07:05PM ET,STL,0
2B/OF,Jace Peterson (17151495),Jace Peterson,17151495,2B/OF,2500,MIL@SD 04/19/2021 10:10PM ET,MIL,2.29
OF,Billy McKinney (17151497),Billy McKinney,17151497,OF,2500,MIL@SD 04/19/2021 10:10PM ET,MIL,3.15
2B/OF,Jorge Mateo (17151498),Jorge Mateo,17151498,2B/OF,2500,MIL@SD 04/19/2021 10:10PM ET,SD,2.36
OF,Tucupita Marcano (17151566),Tucupita Marcano,17151566,OF,2500,MIL@SD 04/19/2021 10:10PM ET,SD,1.4
OF,Jarrod Dyson (17151494),Jarrod Dyson,17151494,OF,2500,TB@KC 04/19/2021 08:10PM ET,KC,2.88
C,Cam Gallagher (17151500),Cam Gallagher,17151500,C,2500,TB@KC 04/19/2021 08:10PM ET,KC,2.33
C,Sam Huff (17151569),Sam Huff,17151569,C,2500,TEX@LAA 04/19/2021 09:38PM ET,TEX,0
C,Tom Murphy (17151503),Tom Murphy,17151503,C,2500,LAD@SEA 04/19/2021 10:10PM ET,SEA,2.38
1B,Matt Davidson (17151565),Matt Davidson,17151565,1B,2500,LAD@SEA 04/19/2021 10:10PM ET,LAD,0
OF,Roman Quinn (17151505),Roman Quinn,17151505,OF,2400,SF@PHI 04/19/2021 07:05PM ET,PHI,2.21
C,Rafael Marchan (17151577),Rafael Marchan,17151577,C,2400,SF@PHI 04/19/2021 07:05PM ET,PHI,0
2B,Nick Maton (17151581),Nick Maton,17151581,2B,2400,SF@PHI 04/19/2021 07:05PM ET,PHI,0
OF,Yadiel Hernandez (17151574),Yadiel Hernandez,17151574,OF,2400,STL@WAS 04/19/2021 07:05PM ET,WAS,1.4
2B/SS,Luis Garcia (17151575),Luis Garcia,17151575,2B/SS,2400,STL@WAS 04/19/2021 07:05PM ET,WAS,1.17
OF,Brian O'Grady (17151578),Brian O'Grady,17151578,OF,2400,MIL@SD 04/19/2021 10:10PM ET,SD,0
C,Jacob Nottingham (17151580),Jacob Nottingham,17151580,C,2400,MIL@SD 04/19/2021 10:10PM ET,MIL,0
OF,Kevin Kiermaier (17151504),Kevin Kiermaier,17151504,OF,2400,TB@KC 04/19/2021 08:10PM ET,TB,1.33
OF,Kyle Isbel (17151506),Kyle Isbel,17151506,OF,2400,TB@KC 04/19/2021 08:10PM ET,KC,5.7
1B,Ryan O'Hearn (17151570),Ryan O'Hearn,17151570,1B,2400,TB@KC 04/19/2021 08:10PM ET,KC,0
C,Anthony Bemboom (17151507),Anthony Bemboom,17151507,C,2400,TEX@LAA 04/19/2021 09:38PM ET,LAA,3
3B/SS,Jack Mayfield (17151572),Jack Mayfield,17151572,3B/SS,2400,TEX@LAA 04/19/2021 09:38PM ET,LAA,0
3B/OF,Sam Haggerty (17151508),Sam Haggerty,17151508,3B/OF,2400,LAD@SEA 04/19/2021 10:10PM ET,SEA,3.78
OF,Rangel Ravelo (17151571),Rangel Ravelo,17151571,OF,2400,LAD@SEA 04/19/2021 10:10PM ET,LAD,0
C,Keibert Ruiz (17151579),Keibert Ruiz,17151579,C,2400,LAD@SEA 04/19/2021 10:10PM ET,LAD,0
C,Rodolfo Duran (17151587),Rodolfo Duran,17151587,C,2300,SF@PHI 04/19/2021 07:05PM ET,PHI,0
OF,Odubel Herrera (17151590),Odubel Herrera,17151590,OF,2300,SF@PHI 04/19/2021 07:05PM ET,PHI,0
C,Logan O'Hoppe (17151593),Logan O'Hoppe,17151593,C,2300,SF@PHI 04/19/2021 07:05PM ET,PHI,0
1B/OF,John Nogowski (17151513),John Nogowski,17151513,1B/OF,2300,STL@WAS 04/19/2021 07:05PM ET,STL,0.75
SS,Delvin Perez (17151582),Delvin Perez,17151582,SS,2300,STL@WAS 04/19/2021 07:05PM ET,STL,0
OF,Gerardo Parra (17151583),Gerardo Parra,17151583,OF,2300,STL@WAS 04/19/2021 07:05PM ET,WAS,0
OF,Cody Wilson (17151586),Cody Wilson,17151586,OF,2300,STL@WAS 04/19/2021 07:05PM ET,WAS,0
OF,Carlos Tocci (17151589),Carlos Tocci,17151589,OF,2300,STL@WAS 04/19/2021 07:05PM ET,WAS,0
3B,Jake Noll (17151596),Jake Noll,17151596,3B,2300,STL@WAS 04/19/2021 07:05PM ET,WAS,0
SS,Brice Turang (17151588),Brice Turang,17151588,SS,2300,MIL@SD 04/19/2021 10:10PM ET,MIL,0
OF,Jorge Ona (17151594),Jorge Ona,17151594,OF,2300,MIL@SD 04/19/2021 10:10PM ET,SD,0
C,Luke Maile (17151595),Luke Maile,17151595,C,2300,MIL@SD 04/19/2021 10:10PM ET,MIL,0
C,Mario Feliciano (17151597),Mario Feliciano,17151597,C,2300,MIL@SD 04/19/2021 10:10PM ET,MIL,0
2B/3B,Luis Rengifo (17151510),Luis Rengifo,17151510,2B/3B,2300,TEX@LAA 04/19/2021 09:38PM ET,LAA,5
2B/3B,Franklin Barreto (17151584),Franklin Barreto,17151584,2B/3B,2300,TEX@LAA 04/19/2021 09:38PM ET,LAA,0
OF,Taylor Ward (17151592),Taylor Ward,17151592,OF,2300,TEX@LAA 04/19/2021 09:38PM ET,LAA,0
OF,Braden Bishop (17151512),Braden Bishop,17151512,OF,2300,LAD@SEA 04/19/2021 10:10PM ET,SEA,0.83
OF,Jake Fraley (17151591),Jake Fraley,17151591,OF,2300,LAD@SEA 04/19/2021 10:10PM ET,SEA,6.8
OF,Mickey Moniak (17151515),Mickey Moniak,17151515,OF,2200,SF@PHI 04/19/2021 07:05PM ET,PHI,2
SS,Bryson Stott (17151599),Bryson Stott,17151599,SS,2200,SF@PHI 04/19/2021 07:05PM ET,PHI,0
OF,Travis Jankowski (17151612),Travis Jankowski,17151612,OF,2200,SF@PHI 04/19/2021 07:05PM ET,PHI,0
SS,Yasel Antuna (17151598),Yasel Antuna,17151598,SS,2200,STL@WAS 04/19/2021 07:05PM ET,WAS,0
2B/3B,Adrian Sanchez (17151600),Adrian Sanchez,17151600,2B/3B,2200,STL@WAS 04/19/2021 07:05PM ET,WAS,0
3B,Brandon Snyder (17151602),Brandon Snyder,17151602,3B,2200,STL@WAS 04/19/2021 07:05PM ET,WAS,0
C,Tres Barrera (17151603),Tres Barrera,17151603,C,2200,STL@WAS 04/19/2021 07:05PM ET,WAS,0
C,Blake Swihart (17151604),Blake Swihart,17151604,C,2200,STL@WAS 04/19/2021 07:05PM ET,WAS,0
C,Jakson Reetz (17151605),Jakson Reetz,17151605,C,2200,STL@WAS 04/19/2021 07:05PM ET,WAS,0
3B,Drew Mendoza (17151608),Drew Mendoza,17151608,3B,2200,STL@WAS 04/19/2021 07:05PM ET,WAS,0
C,Israel Pineda (17151609),Israel Pineda,17151609,C,2200,STL@WAS 04/19/2021 07:05PM ET,WAS,0
3B,Carter Kieboom (17151610),Carter Kieboom,17151610,3B,2200,STL@WAS 04/19/2021 07:05PM ET,WAS,1
OF,Tyrone Taylor (17151516),Tyrone Taylor,17151516,OF,2200,MIL@SD 04/19/2021 10:10PM ET,MIL,3
OF,Mark Mathias (17151614),Mark Mathias,17151614,OF,2200,MIL@SD 04/19/2021 10:10PM ET,MIL,0
OF,Derek Fisher (17151615),Derek Fisher,17151615,OF,2200,MIL@SD 04/19/2021 10:10PM ET,MIL,0
OF,Tim Lopes (17151616),Tim Lopes,17151616,OF,2200,MIL@SD 04/19/2021 10:10PM ET,MIL,0
2B,Pablo Reyes (17151618),Pablo Reyes,17151618,2B,2200,MIL@SD 04/19/2021 10:10PM ET,MIL,0
C,Payton Henry (17151619),Payton Henry,17151619,C,2200,MIL@SD 04/19/2021 10:10PM ET,MIL,0
SS,Freddy Zamora (17151620),Freddy Zamora,17151620,SS,2200,MIL@SD 04/19/2021 10:10PM ET,MIL,0
2B,Justin Foscue (17151606),Justin Foscue,17151606,2B,2200,TEX@LAA 04/19/2021 09:38PM ET,TEX,0
C,David Garcia (17151607),David Garcia,17151607,C,2200,TEX@LAA 04/19/2021 09:38PM ET,TEX,0
2B,Andy Ibanez (17151611),Andy Ibanez,17151611,2B,2200,TEX@LAA 04/19/2021 09:38PM ET,TEX,0
C,Drew Butera (17151613),Drew Butera,17151613,C,2200,TEX@LAA 04/19/2021 09:38PM ET,TEX,0
OF,Jon Jay (17151617),Jon Jay,17151617,OF,2200,TEX@LAA 04/19/2021 09:38PM ET,LAA,1.5
1B/C,John Hicks (17151621),John Hicks,17151621,C/1B,2200,TEX@LAA 04/19/2021 09:38PM ET,TEX,0
OF,Corey Ray (17151628),Corey Ray,17151628,OF,2100,MIL@SD 04/19/2021 10:10PM ET,MIL,0
OF,Erick Pena (17151625),Erick Pena,17151625,OF,2100,TB@KC 04/19/2021 08:10PM ET,KC,0
SS,Nick Loftin (17151626),Nick Loftin,17151626,SS,2100,TB@KC 04/19/2021 08:10PM ET,KC,0
SS,Jeison Guzman (17151627),Jeison Guzman,17151627,SS,2100,TB@KC 04/19/2021 08:10PM ET,KC,0
2B,Bobby Witt Jr. (17151629),Bobby Witt Jr.,17151629,2B,2100,TB@KC 04/19/2021 08:10PM ET,KC,0
SS,Lucius Fox (17151630),Lucius Fox,17151630,SS,2100,TB@KC 04/19/2021 08:10PM ET,KC,0
OF,Delino DeShields (17151623),Delino DeShields,17151623,OF,2100,TEX@LAA 04/19/2021 09:38PM ET,TEX,0
OF,Jason Martin (17151624),Jason Martin,17151624,OF,2100,TEX@LAA 04/19/2021 09:38PM ET,TEX,0
2B/SS,Donovan Walton (17151631),Donovan Walton,17151631,2B/SS,2100,LAD@SEA 04/19/2021 10:10PM ET,SEA,0
1B,Logan Wyatt (17151641),Logan Wyatt,17151641,1B,2000,SF@PHI 04/19/2021 07:05PM ET,SF,0
OF,Jaylin Davis (17151650),Jaylin Davis,17151650,OF,2000,SF@PHI 04/19/2021 07:05PM ET,SF,0
OF,Luis Basabe (17151653),Luis Basabe,17151653,OF,2000,SF@PHI 04/19/2021 07:05PM ET,SF,0
OF,Joe McCarthy (17151658),Joe McCarthy,17151658,OF,2000,SF@PHI 04/19/2021 07:05PM ET,SF,0
2B/SS,Arismendy Alcantara (17151665),Arismendy Alcantara,17151665,2B/SS,2000,SF@PHI 04/19/2021 07:05PM ET,SF,0
3B,Jason Vosler (17151667),Jason Vosler,17151667,3B,2000,SF@PHI 04/19/2021 07:05PM ET,SF,0
OF,Heliot Ramos (17151671),Heliot Ramos,17151671,OF,2000,SF@PHI 04/19/2021 07:05PM ET,SF,0
OF,Skye Bolt (17151674),Skye Bolt,17151674,OF,2000,SF@PHI 04/19/2021 07:05PM ET,SF,0
SS,Marco Luciano (17151694),Marco Luciano,17151694,SS,2000,SF@PHI 04/19/2021 07:05PM ET,SF,0
3B,Will Wilson (17151703),Will Wilson,17151703,3B,2000,SF@PHI 04/19/2021 07:05PM ET,SF,0
OF,Hunter Bishop (17151709),Hunter Bishop,17151709,OF,2000,SF@PHI 04/19/2021 07:05PM ET,SF,0
C,Patrick Bailey (17151714),Patrick Bailey,17151714,C,2000,SF@PHI 04/19/2021 07:05PM ET,SF,0
OF,Scott Hurst (17151518),Scott Hurst,17151518,OF,2000,STL@WAS 04/19/2021 07:05PM ET,STL,0
2B/SS,Dee Strange-Gordon (17151656),Dee Strange-Gordon,17151656,2B/SS,2000,MIL@SD 04/19/2021 10:10PM ET,MIL,0
3B/OF,Dustin Peterson (17151660),Dustin Peterson,17151660,3B/OF,2000,MIL@SD 04/19/2021 10:10PM ET,MIL,0
SS,CJ Abrams (17151662),CJ Abrams,17151662,SS,2000,MIL@SD 04/19/2021 10:10PM ET,SD,0
OF,Garrett Mitchell (17151668),Garrett Mitchell,17151668,OF,2000,MIL@SD 04/19/2021 10:10PM ET,MIL,0
3B,Zach Green (17151675),Zach Green,17151675,3B,2000,MIL@SD 04/19/2021 10:10PM ET,MIL,0
C,Webster Rivas (17151676),Webster Rivas,17151676,C,2000,MIL@SD 04/19/2021 10:10PM ET,SD,0
OF,Dylan Cozens (17151677),Dylan Cozens,17151677,OF,2000,MIL@SD 04/19/2021 10:10PM ET,MIL,0
SS,Pedro Florimon (17151678),Pedro Florimon,17151678,SS,2000,MIL@SD 04/19/2021 10:10PM ET,SD,0
OF,Tristen Lutz (17151684),Tristen Lutz,17151684,OF,2000,MIL@SD 04/19/2021 10:10PM ET,MIL,0
OF,Robert Hassell III (17151685),Robert Hassell III,17151685,OF,2000,MIL@SD 04/19/2021 10:10PM ET,SD,0
OF,John Andreoli (17151690),John Andreoli,17151690,OF,2000,MIL@SD 04/19/2021 10:10PM ET,SD,0
3B,Nick Tanielu (17151691),Nick Tanielu,17151691,3B,2000,MIL@SD 04/19/2021 10:10PM ET,SD,0
C,Wynston Sawyer (17151692),Wynston Sawyer,17151692,C,2000,MIL@SD 04/19/2021 10:10PM ET,SD,0
OF,Micah Bello (17151696),Micah Bello,17151696,OF,2000,MIL@SD 04/19/2021 10:10PM ET,MIL,0
OF,Hedbert Perez (17151701),Hedbert Perez,17151701,OF,2000,MIL@SD 04/19/2021 10:10PM ET,MIL,0
OF,Joshua Mears (17151724),Joshua Mears,17151724,OF,2000,MIL@SD 04/19/2021 10:10PM ET,SD,0
1B/OF,Patrick Kivlehan (17151727),Patrick Kivlehan,17151727,1B/OF,2000,MIL@SD 04/19/2021 10:10PM ET,SD,0
1B,Nick Pratto (17151636),Nick Pratto,17151636,1B,2000,TB@KC 04/19/2021 08:10PM ET,KC,0
C,Sebastian Rivero (17151637),Sebastian Rivero,17151637,C,2000,TB@KC 04/19/2021 08:10PM ET,KC,0
C,Freddy Fermin (17151638),Freddy Fermin,17151638,C,2000,TB@KC 04/19/2021 08:10PM ET,KC,0
C,MJ Melendez (17151639),MJ Melendez,17151639,C,2000,TB@KC 04/19/2021 08:10PM ET,KC,0
C,Nick Dini (17151640),Nick Dini,17151640,C,2000,TB@KC 04/19/2021 08:10PM ET,KC,0
OF,Seuly Matias (17151642),Seuly Matias,17151642,OF,2000,TB@KC 04/19/2021 08:10PM ET,KC,0
3B,Kevin Padlo (17151645),Kevin Padlo,17151645,3B,2000,TB@KC 04/19/2021 08:10PM ET,TB,1.33
C,Meibrys Viloria (17151652),Meibrys Viloria,17151652,C,2000,TB@KC 04/19/2021 08:10PM ET,KC,0
OF,Edward Olivares (17151654),Edward Olivares,17151654,OF,2000,TB@KC 04/19/2021 08:10PM ET,KC,0
C,Joseph Odom (17151655),Joseph Odom,17151655,C,2000,TB@KC 04/19/2021 08:10PM ET,TB,0
OF,Bubba Starling (17151659),Bubba Starling,17151659,OF,2000,TB@KC 04/19/2021 08:10PM ET,KC,0
OF,Josh Lowe (17151670),Josh Lowe,17151670,OF,2000,TB@KC 04/19/2021 08:10PM ET,TB,0
2B/3B,Taylor Walls (17151680),Taylor Walls,17151680,2B/3B,2000,TB@KC 04/19/2021 08:10PM ET,TB,0
C,Deivy Grullon (17151682),Deivy Grullon,17151682,C,2000,TB@KC 04/19/2021 08:10PM ET,TB,0
2B/OF,Vidal Brujan (17151686),Vidal Brujan,17151686,2B/OF,2000,TB@KC 04/19/2021 08:10PM ET,TB,0
SS,Xavier Edwards (17151693),Xavier Edwards,17151693,SS,2000,TB@KC 04/19/2021 08:10PM ET,TB,0
3B,Emmanuel Rivera (17151697),Emmanuel Rivera,17151697,3B,2000,TB@KC 04/19/2021 08:10PM ET,KC,0
SS,Wander Franco (17151698),Wander Franco,17151698,SS,2000,TB@KC 04/19/2021 08:10PM ET,TB,0
SS,Greg Jones (17151700),Greg Jones,17151700,SS,2000,TB@KC 04/19/2021 08:10PM ET,TB,0
2B,Esteban Quiroz (17151705),Esteban Quiroz,17151705,2B,2000,TB@KC 04/19/2021 08:10PM ET,TB,0
OF,Garrett Whitley (17151710),Garrett Whitley,17151710,OF,2000,TB@KC 04/19/2021 08:10PM ET,TB,0
OF,Moises Gomez (17151719),Moises Gomez,17151719,OF,2000,TB@KC 04/19/2021 08:10PM ET,TB,0
OF,Scott Schebler (17151519),Scott Schebler,17151519,OF,2000,TEX@LAA 04/19/2021 09:38PM ET,LAA,0
1B,Sherten Apostel (17151633),Sherten Apostel,17151633,1B,2000,TEX@LAA 04/19/2021 09:38PM ET,TEX,0
2B/OF,Phil Gosselin (17151643),Phil Gosselin,17151643,2B/OF,2000,TEX@LAA 04/19/2021 09:38PM ET,LAA,0
OF,Jo Adell (17151648),Jo Adell,17151648,OF,2000,TEX@LAA 04/19/2021 09:38PM ET,LAA,0
OF,Juan Lagares (17151651),Juan Lagares,17151651,OF,2000,TEX@LAA 04/19/2021 09:38PM ET,LAA,0
3B,Josh Jung (17151663),Josh Jung,17151663,3B,2000,TEX@LAA 04/19/2021 09:38PM ET,TEX,0
SS,Livan Soto (17151664),Livan Soto,17151664,SS,2000,TEX@LAA 04/19/2021 09:38PM ET,LAA,0
2B,Kean Wong (17151673),Kean Wong,17151673,2B,2000,TEX@LAA 04/19/2021 09:38PM ET,LAA,0
3B,Davis Wendzel (17151688),Davis Wendzel,17151688,3B,2000,TEX@LAA 04/19/2021 09:38PM ET,TEX,0
OF,Brandon Marsh (17151695),Brandon Marsh,17151695,OF,2000,TEX@LAA 04/19/2021 09:38PM ET,LAA,0
OF,Bubba Thompson (17151702),Bubba Thompson,17151702,OF,2000,TEX@LAA 04/19/2021 09:38PM ET,TEX,0
OF,Steele Walker (17151707),Steele Walker,17151707,OF,2000,TEX@LAA 04/19/2021 09:38PM ET,TEX,0
SS,Jeremiah Jackson (17151712),Jeremiah Jackson,17151712,SS,2000,TEX@LAA 04/19/2021 09:38PM ET,LAA,0
OF,Brennon Lund (17151713),Brennon Lund,17151713,OF,2000,TEX@LAA 04/19/2021 09:38PM ET,LAA,0
3B,Jonathan Ornelas (17151718),Jonathan Ornelas,17151718,3B,2000,TEX@LAA 04/19/2021 09:38PM ET,TEX,0
OF,Jordyn Adams (17151721),Jordyn Adams,17151721,OF,2000,TEX@LAA 04/19/2021 09:38PM ET,LAA,0
C,Jack Kruger (17151722),Jack Kruger,17151722,C,2000,TEX@LAA 04/19/2021 09:38PM ET,LAA,0
3B,Sheldon Neuse (17151517),Sheldon Neuse,17151517,3B,2000,LAD@SEA 04/19/2021 10:10PM ET,LAD,0
1B/OF,Sam Travis (17151634),Sam Travis,17151634,1B/OF,2000,LAD@SEA 04/19/2021 10:10PM ET,SEA,0
2B,Shed Long Jr. (17151646),Shed Long Jr.,17151646,2B,2000,LAD@SEA 04/19/2021 10:10PM ET,SEA,0
SS,Elliot Soto (17151647),Elliot Soto,17151647,SS,2000,LAD@SEA 04/19/2021 10:10PM ET,LAD,0
OF,Steven Souza Jr. (17151649),Steven Souza Jr.,17151649,OF,2000,LAD@SEA 04/19/2021 10:10PM ET,LAD,0
OF,Andy Pages (17151669),Andy Pages,17151669,OF,2000,LAD@SEA 04/19/2021 10:10PM ET,LAD,0
2B,Andy Burns (17151672),Andy Burns,17151672,2B,2000,LAD@SEA 04/19/2021 10:10PM ET,LAD,0
SS,Omar Estevez (17151679),Omar Estevez,17151679,SS,2000,LAD@SEA 04/19/2021 10:10PM ET,LAD,0
OF,Julio Rodriguez (17151683),Julio Rodriguez,17151683,OF,2000,LAD@SEA 04/19/2021 10:10PM ET,SEA,0
C,Tim Federowicz (17151689),Tim Federowicz,17151689,C,2000,LAD@SEA 04/19/2021 10:10PM ET,LAD,0
2B,Devin Mann (17151699),Devin Mann,17151699,2B,2000,LAD@SEA 04/19/2021 10:10PM ET,LAD,0
3B,Kody Hoese (17151704),Kody Hoese,17151704,3B,2000,LAD@SEA 04/19/2021 10:10PM ET,LAD,0
C,Cal Raleigh (17151706),Cal Raleigh,17151706,C,2000,LAD@SEA 04/19/2021 10:10PM ET,SEA,0
2B,Michael Busch (17151708),Michael Busch,17151708,2B,2000,LAD@SEA 04/19/2021 10:10PM ET,LAD,0
SS,Jack Reinheimer (17151711),Jack Reinheimer,17151711,SS,2000,LAD@SEA 04/19/2021 10:10PM ET,SEA,0
SS,Jacob Amaya (17151715),Jacob Amaya,17151715,SS,2000,LAD@SEA 04/19/2021 10:10PM ET,LAD,0
OF,DJ Peters (17151716),DJ Peters,17151716,OF,2000,LAD@SEA 04/19/2021 10:10PM ET,LAD,0
3B,Miguel Vargas (17151717),Miguel Vargas,17151717,3B,2000,LAD@SEA 04/19/2021 10:10PM ET,LAD,0
OF,Jarred Kelenic (17151720),Jarred Kelenic,17151720,OF,2000,LAD@SEA 04/19/2021 10:10PM ET,SEA,0
OF,Zach Reks (17151723),Zach Reks,17151723,OF,2000,LAD@SEA 04/19/2021 10:10PM ET,LAD,0
C,Jose Godoy (17151725),Jose Godoy,17151725,C,2000,LAD@SEA 04/19/2021 10:10PM ET,SEA,0
C,Brian O'Keefe (17151726),Brian O'Keefe,17151726,C,2000,LAD@SEA 04/19/2021 10:10PM ET,SEA,0
