Position,Name + ID,Name,ID,Roster Position,Salary,Game Info,TeamAbbrev,AvgPointsPerGame
SP,Jacob deGrom (17398477),Jacob deGrom,17398477,P,11100,NYM@STL 05/04/2021 07:45PM ET,NYM,38.75
SP,Gerrit Cole (17398310),Gerrit Cole,17398310,P,10900,HOU@NYY 05/04/2021 07:05PM ET,NYY,32.66
RP,Corbin Burnes (17398866),Corbin Burnes,17398866,P,10800,MIL@PHI 05/04/2021 07:05PM ET,MIL,30.12
SP,Trevor Bauer (17398538),Trevor Bauer,17398538,P,10700,LAD@CHC 05/04/2021 07:40PM ET,LAD,27.85
SP,Aaron Nola (17398572),Aaron Nola,17398572,P,10400,MIL@PHI 05/04/2021 07:05PM ET,PHI,21.16
SP,Max Scherzer (17398253),Max Scherzer,17398253,P,10300,ATL@WAS 05/04/2021 07:05PM ET,WAS,24.88
RP,Framber Valdez (17398855),Framber Valdez,17398855,P,10300,HOU@NYY 05/04/2021 07:05PM ET,HOU,0
SP,Justin Verlander (17398239),Justin Verlander,17398239,P,9700,HOU@NYY 05/04/2021 07:05PM ET,HOU,0
SP,Clayton Kershaw (17398252),Clayton Kershaw,17398252,P,9600,LAD@CHC 05/04/2021 07:40PM ET,LAD,17.75
SP,Walker Buehler (17398644),Walker Buehler,17398644,P,9500,LAD@CHC 05/04/2021 07:40PM ET,LAD,19.18
SP,Tony Gonsolin (17398987),Tony Gonsolin,17398987,P,9500,LAD@CHC 05/04/2021 07:40PM ET,LAD,0
SP,Zack Wheeler (17398360),Zack Wheeler,17398360,P,9300,MIL@PHI 05/04/2021 07:05PM ET,PHI,20
SP,Cristian Javier (17398895),Cristian Javier,17398895,P,9300,HOU@NYY 05/04/2021 07:05PM ET,HOU,20.83
SP,Zach Eflin (17398617),Zach Eflin,17398617,P,9200,MIL@PHI 05/04/2021 07:05PM ET,PHI,17
SP,Zack Greinke (17398226),Zack Greinke,17398226,P,9200,HOU@NYY 05/04/2021 07:05PM ET,HOU,15.12
SP,Brandon Woodruff (17398559),Brandon Woodruff,17398559,P,9100,MIL@PHI 05/04/2021 07:05PM ET,MIL,22.46
SP,Jack Flaherty (17398789),Jack Flaherty,17398789,P,9000,NYM@STL 05/04/2021 07:45PM ET,STL,20.08
SP,Jordan Montgomery (17398800),Jordan Montgomery,17398800,P,9000,HOU@NYY 05/04/2021 07:05PM ET,NYY,13.48
SP,Julio Urias (17398684),Julio Urias,17398684,P,8800,LAD@CHC 05/04/2021 07:40PM ET,LAD,23.29
RP,Adrian Houser (17398550),Adrian Houser,17398550,P,8700,MIL@PHI 05/04/2021 07:05PM ET,MIL,11.83
SP,Luis Severino (17398613),Luis Severino,17398613,P,8700,HOU@NYY 05/04/2021 07:05PM ET,NYY,0
SP,Dustin May (17398977),Dustin May,17398977,P,8600,LAD@CHC 05/04/2021 07:40PM ET,LAD,19.59
SP,Freddy Peralta (17398693),Freddy Peralta,17398693,P,8600,MIL@PHI 05/04/2021 07:05PM ET,MIL,22.17
SP,Corey Kluber (17398297),Corey Kluber,17398297,P,8600,HOU@NYY 05/04/2021 07:05PM ET,NYY,14.49
SP,J.A. Happ (17398233),J.A. Happ,17398233,P,8600,TEX@MIN 05/04/2021 07:40PM ET,MIN,16.09
SP,Jose Berrios (17398616),Jose Berrios,17398616,P,8600,TEX@MIN 05/04/2021 07:40PM ET,MIN,20.42
SP,Noah Syndergaard (17398462),Noah Syndergaard,17398462,P,8500,NYM@STL 05/04/2021 07:45PM ET,NYM,0
SP,Jake Odorizzi (17398311),Jake Odorizzi,17398311,P,8500,HOU@NYY 05/04/2021 07:05PM ET,HOU,4.73
SP,Marcus Stroman (17398393),Marcus Stroman,17398393,P,8400,NYM@STL 05/04/2021 07:45PM ET,NYM,18.89
SP,Ian Anderson (17398958),Ian Anderson,17398958,P,8300,ATL@WAS 05/04/2021 07:05PM ET,ATL,17.71
SP,Adam Wainwright (17398219),Adam Wainwright,17398219,P,8200,NYM@STL 05/04/2021 07:45PM ET,STL,15.39
SP,Brett Anderson (17398257),Brett Anderson,17398257,P,8200,MIL@PHI 05/04/2021 07:05PM ET,MIL,8.45
SP,Huascar Ynoa (17398864),Huascar Ynoa,17398864,P,8200,ATL@WAS 05/04/2021 07:05PM ET,ATL,17.42
SP,Jose Urquidy (17398933),Jose Urquidy,17398933,P,8200,HOU@NYY 05/04/2021 07:05PM ET,HOU,14.42
SP,Stephen Strasburg (17398359),Stephen Strasburg,17398359,P,8100,ATL@WAS 05/04/2021 07:05PM ET,WAS,10.45
RP,Josh Lindblom (17398316),Josh Lindblom,17398316,P,8000,MIL@PHI 05/04/2021 07:05PM ET,MIL,-0.04
RP,Kent Emanuel (17398490),Kent Emanuel,17398490,P,8000,HOU@NYY 05/04/2021 07:05PM ET,HOU,12.6
SP,Lance McCullers Jr. (17398621),Lance McCullers Jr.,17398621,P,8000,HOU@NYY 05/04/2021 07:05PM ET,HOU,17.76
SP,Kenta Maeda (17398274),Kenta Maeda,17398274,P,8000,TEX@MIN 05/04/2021 07:40PM ET,MIN,11.38
SP,Carlos Carrasco (17398238),Carlos Carrasco,17398238,P,7900,NYM@STL 05/04/2021 07:45PM ET,NYM,0
SP,Eduardo Rodriguez (17398480),Eduardo Rodriguez,17398480,P,7900,DET@BOS 05/04/2021 07:10PM ET,BOS,19.52
SP,Nick Pivetta (17398720),Nick Pivetta,17398720,P,7900,DET@BOS 05/04/2021 07:10PM ET,BOS,16.79
RP,Luis Garcia (17399077),Luis Garcia,17399077,P,7900,HOU@NYY 05/04/2021 07:05PM ET,HOU,11.84
SP,Chase Anderson (17398384),Chase Anderson,17398384,P,7800,MIL@PHI 05/04/2021 07:05PM ET,PHI,8.99
SP,Domingo German (17398479),Domingo German,17398479,P,7800,HOU@NYY 05/04/2021 07:05PM ET,NYY,14.35
SP,Adbert Alzolay (17398683),Adbert Alzolay,17398683,P,7600,LAD@CHC 05/04/2021 07:40PM ET,CHC,15.81
SP,Chris Sale (17398302),Chris Sale,17398302,P,7600,DET@BOS 05/04/2021 07:10PM ET,BOS,0
RP,Kwang Hyun Kim (17398357),Kwang Hyun Kim,17398357,P,7500,NYM@STL 05/04/2021 07:45PM ET,STL,15.12
SP,Nathan Eovaldi (17398338),Nathan Eovaldi,17398338,P,7500,DET@BOS 05/04/2021 07:10PM ET,BOS,17.37
SP,David Peterson (17398819),David Peterson,17398819,P,7400,NYM@STL 05/04/2021 07:45PM ET,NYM,14.55
SP,Drew Smyly (17398472),Drew Smyly,17398472,P,7400,ATL@WAS 05/04/2021 07:05PM ET,ATL,6.84
SP,Kyle Wright (17398877),Kyle Wright,17398877,P,7400,ATL@WAS 05/04/2021 07:05PM ET,ATL,10.35
SP,Eric Lauer (17398724),Eric Lauer,17398724,P,7300,MIL@PHI 05/04/2021 07:05PM ET,MIL,17.65
SP,Charlie Morton (17398224),Charlie Morton,17398224,P,7300,ATL@WAS 05/04/2021 07:05PM ET,ATL,16.22
SP,Garrett Richards (17398367),Garrett Richards,17398367,P,7300,DET@BOS 05/04/2021 07:10PM ET,BOS,12.02
SP,Kyle Gibson (17398364),Kyle Gibson,17398364,P,7200,TEX@MIN 05/04/2021 07:40PM ET,TEX,16.93
RP,Shelby Miller (17398363),Shelby Miller,17398363,P,7000,LAD@CHC 05/04/2021 07:40PM ET,CHC,-4.9
SP,Kyle Hendricks (17398516),Kyle Hendricks,17398516,P,7000,LAD@CHC 05/04/2021 07:40PM ET,CHC,6.76
SP,Miles Mikolas (17398378),Miles Mikolas,17398378,P,7000,NYM@STL 05/04/2021 07:45PM ET,STL,0
SP,Carlos Martinez (17398452),Carlos Martinez,17398452,P,7000,NYM@STL 05/04/2021 07:45PM ET,STL,12.52
SP,Taijuan Walker (17398460),Taijuan Walker,17398460,P,7000,NYM@STL 05/04/2021 07:45PM ET,NYM,13.29
RP,John Gant (17398571),John Gant,17398571,P,7000,NYM@STL 05/04/2021 07:45PM ET,STL,13.65
RP,Dakota Hudson (17398736),Dakota Hudson,17398736,P,7000,NYM@STL 05/04/2021 07:45PM ET,STL,0
SP,Jordan Zimmermann (17398281),Jordan Zimmermann,17398281,P,7000,MIL@PHI 05/04/2021 07:05PM ET,MIL,-6.55
SP,Zack Godley (17398413),Zack Godley,17398413,P,7000,MIL@PHI 05/04/2021 07:05PM ET,MIL,6.55
SP,Vince Velasquez (17398468),Vince Velasquez,17398468,P,7000,MIL@PHI 05/04/2021 07:05PM ET,PHI,9.21
SP,Jon Lester (17398225),Jon Lester,17398225,P,7000,ATL@WAS 05/04/2021 07:05PM ET,WAS,9.05
SP,Erick Fedde (17398575),Erick Fedde,17398575,P,7000,ATL@WAS 05/04/2021 07:05PM ET,WAS,13.65
SP,Jameson Taillon (17398458),Jameson Taillon,17398458,P,7000,HOU@NYY 05/04/2021 07:05PM ET,NYY,13.77
SP,David Price (17398276),David Price,17398276,P,6900,LAD@CHC 05/04/2021 07:40PM ET,LAD,3.56
SP,Jake Arrieta (17398283),Jake Arrieta,17398283,P,6900,LAD@CHC 05/04/2021 07:40PM ET,CHC,11.9
RP,Alec Mills (17398648),Alec Mills,17398648,P,6900,LAD@CHC 05/04/2021 07:40PM ET,CHC,2.60
SP,Trevor Williams (17398671),Trevor Williams,17398671,P,6900,LAD@CHC 05/04/2021 07:40PM ET,CHC,10.22
SP,Matt Moore (17398300),Matt Moore,17398300,P,6900,MIL@PHI 05/04/2021 07:05PM ET,PHI,3.05
SP,Patrick Corbin (17398372),Patrick Corbin,17398372,P,6900,ATL@WAS 05/04/2021 07:05PM ET,WAS,4.94
SP,Joe Ross (17398552),Joe Ross,17398552,P,6900,ATL@WAS 05/04/2021 07:05PM ET,WAS,13.3
SP,Max Fried (17398623),Max Fried,17398623,P,6900,ATL@WAS 05/04/2021 07:05PM ET,ATL,2.05
SP,Tanner Houck (17398804),Tanner Houck,17398804,P,6800,DET@BOS 05/04/2021 07:10PM ET,BOS,9.42
SP,Michael Pineda (17398307),Michael Pineda,17398307,P,6800,TEX@MIN 05/04/2021 07:40PM ET,MIN,18.9
SP,Sean Newcomb (17398679),Sean Newcomb,17398679,P,6700,ATL@WAS 05/04/2021 07:05PM ET,ATL,3.69
SP,Mike Soroka (17398889),Mike Soroka,17398889,P,6700,ATL@WAS 05/04/2021 07:05PM ET,ATL,0
SP,Bryse Wilson (17398975),Bryse Wilson,17398975,P,6700,ATL@WAS 05/04/2021 07:05PM ET,ATL,3.73
SP,Spencer Turnbull (17398769),Spencer Turnbull,17398769,P,6700,DET@BOS 05/04/2021 07:10PM ET,DET,12.4
SP,Johan Oviedo (17399010),Johan Oviedo,17399010,P,6600,NYM@STL 05/04/2021 07:45PM ET,STL,16.18
SP,Matt Shoemaker (17398356),Matt Shoemaker,17398356,P,6600,TEX@MIN 05/04/2021 07:40PM ET,MIN,4.31
SP,Joey Lucchesi (17398976),Joey Lucchesi,17398976,P,6500,NYM@STL 05/04/2021 07:45PM ET,NYM,3.3
SP,Matthew Boyd (17398593),Matthew Boyd,17398593,P,6400,DET@BOS 05/04/2021 07:10PM ET,DET,16.11
SP,Dane Dunning (17398741),Dane Dunning,17398741,P,6400,TEX@MIN 05/04/2021 07:40PM ET,TEX,13.56
SP,Zach Davies (17398574),Zach Davies,17398574,P,6300,LAD@CHC 05/04/2021 07:40PM ET,CHC,2.86
SP,Michael Fulmer (17398544),Michael Fulmer,17398544,P,6300,DET@BOS 05/04/2021 07:10PM ET,DET,8.58
OF,Byron Buxton (17398615),Byron Buxton,17398615,OF,6300,TEX@MIN 05/04/2021 07:40PM ET,MIN,12.52
OF,Mookie Betts (17398558),Mookie Betts,17398558,OF,6200,LAD@CHC 05/04/2021 07:40PM ET,LAD,8.96
RP,Alex Vesia (17399110),Alex Vesia,17399110,P,6200,LAD@CHC 05/04/2021 07:40PM ET,LAD,-0.15
SP,Martin Perez (17398345),Martin Perez,17398345,P,6200,DET@BOS 05/04/2021 07:10PM ET,BOS,9.67
OF,Bryce Harper (17398453),Bryce Harper,17398453,OF,6100,MIL@PHI 05/04/2021 07:05PM ET,PHI,9.96
SP,Jose Urena (17398431),Jose Urena,17398431,P,6100,DET@BOS 05/04/2021 07:10PM ET,DET,14.21
RP,Brandon Bielak (17398945),Brandon Bielak,17398945,P,6100,HOU@NYY 05/04/2021 07:05PM ET,HOU,7.49
OF,Ronald Acuna Jr. (17398930),Ronald Acuna Jr.,17398930,OF,6000,ATL@WAS 05/04/2021 07:05PM ET,ATL,12.35
SP,Casey Mize (17399093),Casey Mize,17399093,P,6000,DET@BOS 05/04/2021 07:10PM ET,DET,8.68
OF,Nelson Cruz (17398223),Nelson Cruz,17398223,OF,5900,TEX@MIN 05/04/2021 07:40PM ET,MIN,9.58
SP,Julio Teheran (17398306),Julio Teheran,17398306,P,5800,DET@BOS 05/04/2021 07:10PM ET,DET,15.05
OF,J.D. Martinez (17398396),J.D. Martinez,17398396,OF,5800,DET@BOS 05/04/2021 07:10PM ET,BOS,11.56
SP,Tarik Skubal (17399070),Tarik Skubal,17399070,P,5800,DET@BOS 05/04/2021 07:10PM ET,DET,5.45
1B,Freddie Freeman (17398290),Freddie Freeman,17398290,1B,5700,ATL@WAS 05/04/2021 07:05PM ET,ATL,8.29
SP,Daniel Norris (17398551),Daniel Norris,17398551,P,5600,DET@BOS 05/04/2021 07:10PM ET,DET,1.15
1B,Pete Alonso (17398873),Pete Alonso,17398873,1B,5500,NYM@STL 05/04/2021 07:45PM ET,NYM,8.56
SP,Derek Holland (17398267),Derek Holland,17398267,P,5500,DET@BOS 05/04/2021 07:10PM ET,DET,-0.12
3B,Rafael Devers (17398775),Rafael Devers,17398775,3B,5500,DET@BOS 05/04/2021 07:10PM ET,BOS,9.41
OF,Aaron Judge (17398499),Aaron Judge,17398499,OF,5500,HOU@NYY 05/04/2021 07:05PM ET,NYY,8.68
C,J.T. Realmuto (17398470),J.T. Realmuto,17398470,C,5400,MIL@PHI 05/04/2021 07:05PM ET,PHI,6.96
1B,Rhys Hoskins (17398761),Rhys Hoskins,17398761,1B,5400,MIL@PHI 05/04/2021 07:05PM ET,PHI,8.48
OF,Marcell Ozuna (17398401),Marcell Ozuna,17398401,OF,5400,ATL@WAS 05/04/2021 07:05PM ET,ATL,5.96
SP,Tyler Alexander (17398728),Tyler Alexander,17398728,P,5400,DET@BOS 05/04/2021 07:10PM ET,DET,4.24
SS,Carlos Correa (17398614),Carlos Correa,17398614,SS,5400,HOU@NYY 05/04/2021 07:05PM ET,HOU,7.70
SP,Mike Foltynewicz (17398464),Mike Foltynewicz,17398464,P,5400,TEX@MIN 05/04/2021 07:40PM ET,TEX,13.77
SS,Xander Bogaerts (17398511),Xander Bogaerts,17398511,SS,5300,DET@BOS 05/04/2021 07:10PM ET,BOS,9.11
1B/2B,DJ LeMahieu (17398370),DJ LeMahieu,17398370,1B/2B,5300,HOU@NYY 05/04/2021 07:05PM ET,NYY,6.85
3B,Josh Donaldson (17398284),Josh Donaldson,17398284,3B,5300,TEX@MIN 05/04/2021 07:40PM ET,MIN,6.81
3B,Justin Turner (17398260),Justin Turner,17398260,3B,5200,LAD@CHC 05/04/2021 07:40PM ET,LAD,9.93
OF,Kris Bryant (17398489),Kris Bryant,17398489,OF,5200,LAD@CHC 05/04/2021 07:40PM ET,CHC,11.15
SS,Corey Seager (17398627),Corey Seager,17398627,SS,5200,LAD@CHC 05/04/2021 07:40PM ET,LAD,8.85
RP,Jordan Lyles (17398313),Jordan Lyles,17398313,P,5200,TEX@MIN 05/04/2021 07:40PM ET,TEX,6.57
C,Mitch Garver (17398522),Mitch Garver,17398522,C,5200,TEX@MIN 05/04/2021 07:40PM ET,MIN,6.05
C,Willson Contreras (17398438),Willson Contreras,17398438,C,5100,LAD@CHC 05/04/2021 07:40PM ET,CHC,8.38
OF,Giancarlo Stanton (17398291),Giancarlo Stanton,17398291,OF,5100,HOU@NYY 05/04/2021 07:05PM ET,NYY,8.17
1B,Yuli Gurriel (17398756),Yuli Gurriel,17398756,1B,5100,HOU@NYY 05/04/2021 07:05PM ET,HOU,8.44
2B/SS,Jorge Polanco (17398455),Jorge Polanco,17398455,2B/SS,5100,TEX@MIN 05/04/2021 07:40PM ET,MIN,6.52
SP,Kohei Arihara (17398850),Kohei Arihara,17398850,P,5100,TEX@MIN 05/04/2021 07:40PM ET,TEX,6.34
SS,Javier Baez (17398541),Javier Baez,17398541,SS,5000,LAD@CHC 05/04/2021 07:40PM ET,CHC,9.96
1B,Paul Goldschmidt (17398385),Paul Goldschmidt,17398385,1B,5000,NYM@STL 05/04/2021 07:45PM ET,STL,7.33
2B,Ozzie Albies (17398830),Ozzie Albies,17398830,2B,5000,ATL@WAS 05/04/2021 07:05PM ET,ATL,8
SS,Trea Turner (17398570),Trea Turner,17398570,SS,4900,ATL@WAS 05/04/2021 07:05PM ET,WAS,9.67
OF,Juan Soto (17398936),Juan Soto,17398936,OF,4900,ATL@WAS 05/04/2021 07:05PM ET,WAS,9
C,Gary Sanchez (17398494),Gary Sanchez,17398494,C,4900,HOU@NYY 05/04/2021 07:05PM ET,NYY,5.21
3B,Alex Bregman (17398661),Alex Bregman,17398661,3B,4900,HOU@NYY 05/04/2021 07:05PM ET,HOU,8.09
SS,Francisco Lindor (17398540),Francisco Lindor,17398540,SS,4800,NYM@STL 05/04/2021 07:45PM ET,NYM,4.65
2B,Nick Solak (17398875),Nick Solak,17398875,2B,4800,TEX@MIN 05/04/2021 07:40PM ET,TEX,8.57
3B,Nolan Arenado (17398368),Nolan Arenado,17398368,3B,4700,NYM@STL 05/04/2021 07:45PM ET,STL,8.14
C,Travis d'Arnaud (17398285),Travis d'Arnaud,17398285,C,4700,ATL@WAS 05/04/2021 07:05PM ET,ATL,5.04
2B,Jose Altuve (17398344),Jose Altuve,17398344,2B,4700,HOU@NYY 05/04/2021 07:05PM ET,HOU,7.39
SS,Gleyber Torres (17398833),Gleyber Torres,17398833,SS,4700,HOU@NYY 05/04/2021 07:05PM ET,NYY,5.5
OF,Yordan Alvarez (17399012),Yordan Alvarez,17399012,OF,4700,HOU@NYY 05/04/2021 07:05PM ET,HOU,9
SP,Kolby Allard (17398886),Kolby Allard,17398886,P,4700,TEX@MIN 05/04/2021 07:40PM ET,TEX,7.32
C,Will Smith (17398857),Will Smith,17398857,C,4600,LAD@CHC 05/04/2021 07:40PM ET,LAD,7.82
OF,Alex Verdugo (17398793),Alex Verdugo,17398793,OF,4500,DET@BOS 05/04/2021 07:10PM ET,BOS,8.44
SP,Kyle Cody (17398655),Kyle Cody,17398655,P,4500,TEX@MIN 05/04/2021 07:40PM ET,TEX,2.99
SS,Isiah Kiner-Falefa (17398715),Isiah Kiner-Falefa,17398715,SS,4500,TEX@MIN 05/04/2021 07:40PM ET,TEX,8.63
2B,Jeff McNeil (17398675),Jeff McNeil,17398675,2B,4400,NYM@STL 05/04/2021 07:45PM ET,NYM,5.46
OF,Christian Yelich (17398466),Christian Yelich,17398466,OF,4400,MIL@PHI 05/04/2021 07:05PM ET,MIL,8
2B/OF,Ehire Adrianza (17398348),Ehire Adrianza,17398348,2B/OF,4400,ATL@WAS 05/04/2021 07:05PM ET,ATL,4.3
C,Christian Vazquez (17398336),Christian Vazquez,17398336,C,4400,DET@BOS 05/04/2021 07:10PM ET,BOS,6.46
1B,Renato Nunez (17398529),Renato Nunez,17398529,1B,4400,DET@BOS 05/04/2021 07:10PM ET,DET,7.14
3B,Gio Urshela (17398428),Gio Urshela,17398428,3B,4400,HOU@NYY 05/04/2021 07:05PM ET,NYY,7.12
2B/OF,Chris Taylor (17398597),Chris Taylor,17398597,2B/OF,4300,LAD@CHC 05/04/2021 07:40PM ET,LAD,9.76
C,Wilson Ramos (17398270),Wilson Ramos,17398270,C,4300,DET@BOS 05/04/2021 07:10PM ET,DET,5.88
SS,Andrelton Simmons (17398473),Andrelton Simmons,17398473,SS,4300,TEX@MIN 05/04/2021 07:40PM ET,MIN,6.35
2B/OF,Tommy Edman (17398869),Tommy Edman,17398869,2B/OF,4200,NYM@STL 05/04/2021 07:45PM ET,STL,7.69
1B,Ryan Zimmerman (17398241),Ryan Zimmerman,17398241,1B,4200,ATL@WAS 05/04/2021 07:05PM ET,WAS,6.53
2B/SS,Niko Goodrum (17398508),Niko Goodrum,17398508,2B/SS,4200,DET@BOS 05/04/2021 07:10PM ET,DET,6.57
1B,Max Muncy (17398406),Max Muncy,17398406,1B,4100,LAD@CHC 05/04/2021 07:40PM ET,LAD,7.33
C,Yadier Molina (17398221),Yadier Molina,17398221,C,4100,NYM@STL 05/04/2021 07:45PM ET,STL,9.05
2B,Kolten Wong (17398340),Kolten Wong,17398340,2B,4100,MIL@PHI 05/04/2021 07:05PM ET,MIL,7.17
2B,Jean Segura (17398351),Jean Segura,17398351,2B,4100,MIL@PHI 05/04/2021 07:05PM ET,PHI,6.47
SS,Didi Gregorius (17398355),Didi Gregorius,17398355,SS,4100,MIL@PHI 05/04/2021 07:05PM ET,PHI,6.5
SS,Dansby Swanson (17398659),Dansby Swanson,17398659,SS,4100,ATL@WAS 05/04/2021 07:05PM ET,ATL,5.04
3B,Austin Riley (17398892),Austin Riley,17398892,3B,4100,ATL@WAS 05/04/2021 07:05PM ET,ATL,6.68
OF,Michael Brantley (17398244),Michael Brantley,17398244,OF,4100,HOU@NYY 05/04/2021 07:05PM ET,HOU,7.83
RP,Pedro Strop (17398229),Pedro Strop,17398229,P,4000,LAD@CHC 05/04/2021 07:40PM ET,CHC,6.05
RP,Kenley Jansen (17398249),Kenley Jansen,17398249,P,4000,LAD@CHC 05/04/2021 07:40PM ET,LAD,3.83
RP,Brandon Workman (17398294),Brandon Workman,17398294,P,4000,LAD@CHC 05/04/2021 07:40PM ET,CHC,1.66
1B,Anthony Rizzo (17398299),Anthony Rizzo,17398299,1B,4000,LAD@CHC 05/04/2021 07:40PM ET,CHC,7.46
RP,Craig Kimbrel (17398319),Craig Kimbrel,17398319,P,4000,LAD@CHC 05/04/2021 07:40PM ET,CHC,4.80
RP,Rex Brothers (17398365),Rex Brothers,17398365,P,4000,LAD@CHC 05/04/2021 07:40PM ET,CHC,4.37
RP,Robert Stock (17398369),Robert Stock,17398369,P,4000,LAD@CHC 05/04/2021 07:40PM ET,CHC,0
RP,Joe Kelly (17398374),Joe Kelly,17398374,P,4000,LAD@CHC 05/04/2021 07:40PM ET,LAD,0
RP,Ryan Tepera (17398395),Ryan Tepera,17398395,P,4000,LAD@CHC 05/04/2021 07:40PM ET,CHC,1.87
RP,James Pazos (17398407),James Pazos,17398407,P,4000,LAD@CHC 05/04/2021 07:40PM ET,LAD,0
RP,Enny Romero (17398420),Enny Romero,17398420,P,4000,LAD@CHC 05/04/2021 07:40PM ET,LAD,0
RP,Tommy Kahnle (17398441),Tommy Kahnle,17398441,P,4000,LAD@CHC 05/04/2021 07:40PM ET,LAD,0
RP,Scott Alexander (17398444),Scott Alexander,17398444,P,4000,LAD@CHC 05/04/2021 07:40PM ET,LAD,1.91
RP,Jason Adam (17398474),Jason Adam,17398474,P,4000,LAD@CHC 05/04/2021 07:40PM ET,CHC,1.42
RP,Mike Kickham (17398476),Mike Kickham,17398476,P,4000,LAD@CHC 05/04/2021 07:40PM ET,LAD,-1.7
RP,Kyle Ryan (17398483),Kyle Ryan,17398483,P,4000,LAD@CHC 05/04/2021 07:40PM ET,CHC,3.8
RP,Rowan Wick (17398492),Rowan Wick,17398492,P,4000,LAD@CHC 05/04/2021 07:40PM ET,CHC,0
RP,Blake Treinen (17398497),Blake Treinen,17398497,P,4000,LAD@CHC 05/04/2021 07:40PM ET,LAD,3.81
RP,Dan Winkler (17398506),Dan Winkler,17398506,P,4000,LAD@CHC 05/04/2021 07:40PM ET,CHC,3.25
RP,Andrew Chafin (17398543),Andrew Chafin,17398543,P,4000,LAD@CHC 05/04/2021 07:40PM ET,CHC,2.92
RP,Dillon Maples (17398569),Dillon Maples,17398569,P,4000,LAD@CHC 05/04/2021 07:40PM ET,CHC,6.39
RP,Joe Biagini (17398576),Joe Biagini,17398576,P,4000,LAD@CHC 05/04/2021 07:40PM ET,CHC,0
RP,Brad Wieck (17398662),Brad Wieck,17398662,P,4000,LAD@CHC 05/04/2021 07:40PM ET,CHC,5.05
RP,Jonathan Holder (17398677),Jonathan Holder,17398677,P,4000,LAD@CHC 05/04/2021 07:40PM ET,CHC,0
RP,Dennis Santana (17398690),Dennis Santana,17398690,P,4000,LAD@CHC 05/04/2021 07:40PM ET,LAD,1.43
RP,Corey Knebel (17398703),Corey Knebel,17398703,P,4000,LAD@CHC 05/04/2021 07:40PM ET,LAD,3.24
RP,Victor Gonzalez (17398749),Victor Gonzalez,17398749,P,4000,LAD@CHC 05/04/2021 07:40PM ET,LAD,1.65
RP,Garrett Cleavinger (17398767),Garrett Cleavinger,17398767,P,4000,LAD@CHC 05/04/2021 07:40PM ET,LAD,3.05
RP,Manuel Rodriguez (17398771),Manuel Rodriguez,17398771,P,4000,LAD@CHC 05/04/2021 07:40PM ET,CHC,0
RP,Trevor Megill (17398798),Trevor Megill,17398798,P,4000,LAD@CHC 05/04/2021 07:40PM ET,CHC,3.35
RP,Jake Jewell (17398811),Jake Jewell,17398811,P,4000,LAD@CHC 05/04/2021 07:40PM ET,CHC,0
RP,Jerry Vasto (17398817),Jerry Vasto,17398817,P,4000,LAD@CHC 05/04/2021 07:40PM ET,CHC,0
RP,Caleb Ferguson (17398827),Caleb Ferguson,17398827,P,4000,LAD@CHC 05/04/2021 07:40PM ET,LAD,0
RP,Tyson Miller (17398856),Tyson Miller,17398856,P,4000,LAD@CHC 05/04/2021 07:40PM ET,CHC,0
RP,Brusdar Graterol (17398860),Brusdar Graterol,17398860,P,4000,LAD@CHC 05/04/2021 07:40PM ET,LAD,-1.33
RP,Ryan Meisinger (17398908),Ryan Meisinger,17398908,P,4000,LAD@CHC 05/04/2021 07:40PM ET,CHC,0
RP,Mitch White (17398970),Mitch White,17398970,P,4000,LAD@CHC 05/04/2021 07:40PM ET,LAD,3.58
RP,Keegan Thompson (17398999),Keegan Thompson,17398999,P,4000,LAD@CHC 05/04/2021 07:40PM ET,CHC,0.45
RP,Bobby Miller (17399072),Bobby Miller,17399072,P,4000,LAD@CHC 05/04/2021 07:40PM ET,LAD,0
RP,Andrew Miller (17398251),Andrew Miller,17398251,P,4000,NYM@STL 05/04/2021 07:45PM ET,STL,0.92
RP,Dellin Betances (17398261),Dellin Betances,17398261,P,4000,NYM@STL 05/04/2021 07:45PM ET,NYM,1.05
RP,Tommy Hunter (17398280),Tommy Hunter,17398280,P,4000,NYM@STL 05/04/2021 07:45PM ET,NYM,0
RP,Trevor May (17398323),Trevor May,17398323,P,4000,NYM@STL 05/04/2021 07:45PM ET,NYM,4.7
RP,Arodys Vizcaino (17398350),Arodys Vizcaino,17398350,P,4000,NYM@STL 05/04/2021 07:45PM ET,NYM,0
RP,Jeurys Familia (17398352),Jeurys Familia,17398352,P,4000,NYM@STL 05/04/2021 07:45PM ET,NYM,2.57
RP,Aaron Loup (17398386),Aaron Loup,17398386,P,4000,NYM@STL 05/04/2021 07:45PM ET,NYM,3.89
RP,Daniel Ponce de Leon (17398498),Daniel Ponce de Leon,17398498,P,4000,NYM@STL 05/04/2021 07:45PM ET,STL,0.41
RP,Jacob Barnes (17398523),Jacob Barnes,17398523,P,4000,NYM@STL 05/04/2021 07:45PM ET,NYM,2.16
RP,Stephen Tarpley (17398563),Stephen Tarpley,17398563,P,4000,NYM@STL 05/04/2021 07:45PM ET,NYM,-6.4
RP,Robert Gsellman (17398568),Robert Gsellman,17398568,P,4000,NYM@STL 05/04/2021 07:45PM ET,NYM,3.81
RP,Seth Lugo (17398580),Seth Lugo,17398580,P,4000,NYM@STL 05/04/2021 07:45PM ET,NYM,0
RP,Tyler Webb (17398590),Tyler Webb,17398590,P,4000,NYM@STL 05/04/2021 07:45PM ET,STL,0.70
RP,Edwin Diaz (17398629),Edwin Diaz,17398629,P,4000,NYM@STL 05/04/2021 07:45PM ET,NYM,3.42
RP,Daniel Zamora (17398651),Daniel Zamora,17398651,P,4000,NYM@STL 05/04/2021 07:45PM ET,NYM,0
RP,Giovanny Gallegos (17398664),Giovanny Gallegos,17398664,P,4000,NYM@STL 05/04/2021 07:45PM ET,STL,5.31
RP,Miguel Castro (17398667),Miguel Castro,17398667,P,4000,NYM@STL 05/04/2021 07:45PM ET,NYM,4.27
RP,Johan Quezada (17398687),Johan Quezada,17398687,P,4000,NYM@STL 05/04/2021 07:45PM ET,STL,0
RP,Roel Ramirez (17398721),Roel Ramirez,17398721,P,4000,NYM@STL 05/04/2021 07:45PM ET,STL,0
RP,Trevor Hildenberger (17398814),Trevor Hildenberger,17398814,P,4000,NYM@STL 05/04/2021 07:45PM ET,NYM,0.52
RP,Junior Fernandez (17398835),Junior Fernandez,17398835,P,4000,NYM@STL 05/04/2021 07:45PM ET,STL,0
RP,Yennsy Diaz (17398863),Yennsy Diaz,17398863,P,4000,NYM@STL 05/04/2021 07:45PM ET,NYM,0
RP,Stephen Nogosek (17398868),Stephen Nogosek,17398868,P,4000,NYM@STL 05/04/2021 07:45PM ET,NYM,0
RP,Bernardo Flores Jr. (17398876),Bernardo Flores Jr.,17398876,P,4000,NYM@STL 05/04/2021 07:45PM ET,STL,0
RP,Ryan Helsley (17398880),Ryan Helsley,17398880,P,4000,NYM@STL 05/04/2021 07:45PM ET,STL,3.22
RP,Drew Smith (17398899),Drew Smith,17398899,P,4000,NYM@STL 05/04/2021 07:45PM ET,NYM,0
RP,Jordan Hicks (17398900),Jordan Hicks,17398900,P,4000,NYM@STL 05/04/2021 07:45PM ET,STL,2.15
RP,Zack Thompson (17398988),Zack Thompson,17398988,P,4000,NYM@STL 05/04/2021 07:45PM ET,STL,0
RP,Jesus Cruz (17399014),Jesus Cruz,17399014,P,4000,NYM@STL 05/04/2021 07:45PM ET,STL,0
RP,Ryley Gilliam (17399033),Ryley Gilliam,17399033,P,4000,NYM@STL 05/04/2021 07:45PM ET,NYM,0
RP,Seth Elledge (17399054),Seth Elledge,17399054,P,4000,NYM@STL 05/04/2021 07:45PM ET,STL,0
RP,Kodi Whitley (17399068),Kodi Whitley,17399068,P,4000,NYM@STL 05/04/2021 07:45PM ET,STL,2.56
RP,Brandon Kintzler (17398234),Brandon Kintzler,17398234,P,4000,MIL@PHI 05/04/2021 07:05PM ET,PHI,1.89
OF,Andrew McCutchen (17398242),Andrew McCutchen,17398242,OF,4000,MIL@PHI 05/04/2021 07:05PM ET,PHI,5.68
RP,Brad Boxberger (17398266),Brad Boxberger,17398266,P,4000,MIL@PHI 05/04/2021 07:05PM ET,MIL,3.14
RP,Neftali Feliz (17398271),Neftali Feliz,17398271,P,4000,MIL@PHI 05/04/2021 07:05PM ET,PHI,0
RP,Blaine Hardy (17398335),Blaine Hardy,17398335,P,4000,MIL@PHI 05/04/2021 07:05PM ET,MIL,0
RP,David Hale (17398373),David Hale,17398373,P,4000,MIL@PHI 05/04/2021 07:05PM ET,PHI,2.77
RP,Hoby Milner (17398409),Hoby Milner,17398409,P,4000,MIL@PHI 05/04/2021 07:05PM ET,MIL,0
C,Omar Narvaez (17398426),Omar Narvaez,17398426,C,4000,MIL@PHI 05/04/2021 07:05PM ET,MIL,7.09
RP,Bobby Wahl (17398504),Bobby Wahl,17398504,P,4000,MIL@PHI 05/04/2021 07:05PM ET,MIL,0
RP,Hector Neris (17398510),Hector Neris,17398510,P,4000,MIL@PHI 05/04/2021 07:05PM ET,PHI,3.78
RP,Ray Black (17398524),Ray Black,17398524,P,4000,MIL@PHI 05/04/2021 07:05PM ET,MIL,0
RP,Archie Bradley (17398539),Archie Bradley,17398539,P,4000,MIL@PHI 05/04/2021 07:05PM ET,PHI,1.44
RP,David Paulino (17398584),David Paulino,17398584,P,4000,MIL@PHI 05/04/2021 07:05PM ET,PHI,0
RP,Jose Alvarado (17398602),Jose Alvarado,17398602,P,4000,MIL@PHI 05/04/2021 07:05PM ET,PHI,3.56
RP,Seranthony Dominguez (17398611),Seranthony Dominguez,17398611,P,4000,MIL@PHI 05/04/2021 07:05PM ET,PHI,0
RP,Josh Hader (17398647),Josh Hader,17398647,P,4000,MIL@PHI 05/04/2021 07:05PM ET,MIL,5.74
RP,Justin Topa (17398654),Justin Topa,17398654,P,4000,MIL@PHI 05/04/2021 07:05PM ET,MIL,0
RP,Phil Bickford (17398697),Phil Bickford,17398697,P,4000,MIL@PHI 05/04/2021 07:05PM ET,MIL,-4.15
RP,Devin Williams (17398708),Devin Williams,17398708,P,4000,MIL@PHI 05/04/2021 07:05PM ET,MIL,3.07
RP,Connor Brogdon (17398745),Connor Brogdon,17398745,P,4000,MIL@PHI 05/04/2021 07:05PM ET,PHI,2.22
RP,Eric Yardley (17398753),Eric Yardley,17398753,P,4000,MIL@PHI 05/04/2021 07:05PM ET,MIL,0.68
RP,Chad Sobotka (17398766),Chad Sobotka,17398766,P,4000,MIL@PHI 05/04/2021 07:05PM ET,MIL,0
RP,Sam Coonrod (17398770),Sam Coonrod,17398770,P,4000,MIL@PHI 05/04/2021 07:05PM ET,PHI,4.32
RP,J.P. Feyereisen (17398809),J.P. Feyereisen,17398809,P,4000,MIL@PHI 05/04/2021 07:05PM ET,MIL,3.39
RP,Patrick Weigel (17398816),Patrick Weigel,17398816,P,4000,MIL@PHI 05/04/2021 07:05PM ET,MIL,8.65
RP,JD Hammer (17398879),JD Hammer,17398879,P,4000,MIL@PHI 05/04/2021 07:05PM ET,PHI,0
RP,Bailey Falter (17398901),Bailey Falter,17398901,P,4000,MIL@PHI 05/04/2021 07:05PM ET,PHI,2.1
RP,Ramon Rosso (17399030),Ramon Rosso,17399030,P,4000,MIL@PHI 05/04/2021 07:05PM ET,PHI,2.4
RP,Damon Jones (17399064),Damon Jones,17399064,P,4000,MIL@PHI 05/04/2021 07:05PM ET,PHI,0
RP,Clayton Andrews (17399073),Clayton Andrews,17399073,P,4000,MIL@PHI 05/04/2021 07:05PM ET,MIL,0
RP,Javy Guerra (17398235),Javy Guerra,17398235,P,4000,ATL@WAS 05/04/2021 07:05PM ET,WAS,0
RP,Will Harris (17398262),Will Harris,17398262,P,4000,ATL@WAS 05/04/2021 07:05PM ET,WAS,0
RP,Josh Tomlin (17398265),Josh Tomlin,17398265,P,4000,ATL@WAS 05/04/2021 07:05PM ET,ATL,3.18
RP,Nate Jones (17398278),Nate Jones,17398278,P,4000,ATL@WAS 05/04/2021 07:05PM ET,ATL,1.49
RP,T.J. McFarland (17398298),T.J. McFarland,17398298,P,4000,ATL@WAS 05/04/2021 07:05PM ET,WAS,0
RP,Brad Hand (17398314),Brad Hand,17398314,P,4000,ATL@WAS 05/04/2021 07:05PM ET,WAS,4.53
RP,Daniel Hudson (17398325),Daniel Hudson,17398325,P,4000,ATL@WAS 05/04/2021 07:05PM ET,WAS,4.65
RP,Will Smith (17398332),Will Smith,17398332,P,4000,ATL@WAS 05/04/2021 07:05PM ET,ATL,3.36
RP,Luis Avilan (17398353),Luis Avilan,17398353,P,4000,ATL@WAS 05/04/2021 07:05PM ET,WAS,1.16
RP,Wander Suero (17398454),Wander Suero,17398454,P,4000,ATL@WAS 05/04/2021 07:05PM ET,WAS,2.33
RP,Luke Jackson (17398459),Luke Jackson,17398459,P,4000,ATL@WAS 05/04/2021 07:05PM ET,ATL,2.63
RP,Jesse Biddle (17398465),Jesse Biddle,17398465,P,4000,ATL@WAS 05/04/2021 07:05PM ET,ATL,1.8
RP,Grant Dayton (17398481),Grant Dayton,17398481,P,4000,ATL@WAS 05/04/2021 07:05PM ET,ATL,1.79
RP,Chris Martin (17398528),Chris Martin,17398528,P,4000,ATL@WAS 05/04/2021 07:05PM ET,ATL,0.38
RP,Ryne Harper (17398578),Ryne Harper,17398578,P,4000,ATL@WAS 05/04/2021 07:05PM ET,WAS,3.48
RP,Carl Edwards Jr. (17398589),Carl Edwards Jr.,17398589,P,4000,ATL@WAS 05/04/2021 07:05PM ET,ATL,0
RP,Austin Voth (17398592),Austin Voth,17398592,P,4000,ATL@WAS 05/04/2021 07:05PM ET,WAS,5.05
RP,Dakota Bacus (17398641),Dakota Bacus,17398641,P,4000,ATL@WAS 05/04/2021 07:05PM ET,WAS,0
RP,A.J. Minter (17398660),A.J. Minter,17398660,P,4000,ATL@WAS 05/04/2021 07:05PM ET,ATL,3.03
RP,Kyle Finnegan (17398672),Kyle Finnegan,17398672,P,4000,ATL@WAS 05/04/2021 07:05PM ET,WAS,3.22
RP,Kyle McGowin (17398729),Kyle McGowin,17398729,P,4000,ATL@WAS 05/04/2021 07:05PM ET,WAS,1.41
RP,Victor Arano (17398751),Victor Arano,17398751,P,4000,ATL@WAS 05/04/2021 07:05PM ET,ATL,0
RP,Steven Fuentes (17398777),Steven Fuentes,17398777,P,4000,ATL@WAS 05/04/2021 07:05PM ET,WAS,0
RP,Sam Clay (17398799),Sam Clay,17398799,P,4000,ATL@WAS 05/04/2021 07:05PM ET,WAS,2.02
RP,Jacob Webb (17398812),Jacob Webb,17398812,P,4000,ATL@WAS 05/04/2021 07:05PM ET,ATL,2.04
RP,Edgar Santana (17398829),Edgar Santana,17398829,P,4000,ATL@WAS 05/04/2021 07:05PM ET,ATL,1.28
RP,Thomas Burrows (17398881),Thomas Burrows,17398881,P,4000,ATL@WAS 05/04/2021 07:05PM ET,ATL,0
RP,Tanner Rainey (17398893),Tanner Rainey,17398893,P,4000,ATL@WAS 05/04/2021 07:05PM ET,WAS,1.73
RP,Jasseel De La Cruz (17398934),Jasseel De La Cruz,17398934,P,4000,ATL@WAS 05/04/2021 07:05PM ET,ATL,0
RP,Ben Braymer (17398995),Ben Braymer,17398995,P,4000,ATL@WAS 05/04/2021 07:05PM ET,WAS,0
RP,Matt Cronin (17399085),Matt Cronin,17399085,P,4000,ATL@WAS 05/04/2021 07:05PM ET,WAS,0
RP,Adam Ottavino (17398256),Adam Ottavino,17398256,P,4000,DET@BOS 05/04/2021 07:10PM ET,BOS,2.64
RP,Marcus Walden (17398279),Marcus Walden,17398279,P,4000,DET@BOS 05/04/2021 07:10PM ET,BOS,0
RP,Ryan Brasier (17398289),Ryan Brasier,17398289,P,4000,DET@BOS 05/04/2021 07:10PM ET,BOS,0
RP,Robbie Ross Jr. (17398315),Robbie Ross Jr.,17398315,P,4000,DET@BOS 05/04/2021 07:10PM ET,DET,0
RP,Ryan Weber (17398339),Ryan Weber,17398339,P,4000,DET@BOS 05/04/2021 07:10PM ET,BOS,0
RP,Ian Krol (17398379),Ian Krol,17398379,P,4000,DET@BOS 05/04/2021 07:10PM ET,DET,0
2B/OF,Kike Hernandez (17398380),Kike Hernandez,17398380,2B/OF,4000,DET@BOS 05/04/2021 07:10PM ET,BOS,6.44
RP,Buck Farmer (17398411),Buck Farmer,17398411,P,4000,DET@BOS 05/04/2021 07:10PM ET,DET,0.38
RP,Jose Cisnero (17398419),Jose Cisnero,17398419,P,4000,DET@BOS 05/04/2021 07:10PM ET,DET,2.42
RP,Erasmo Ramirez (17398423),Erasmo Ramirez,17398423,P,4000,DET@BOS 05/04/2021 07:10PM ET,DET,0
RP,Phillips Valdez (17398429),Phillips Valdez,17398429,P,4000,DET@BOS 05/04/2021 07:10PM ET,BOS,3.98
RP,Matt Barnes (17398442),Matt Barnes,17398442,P,4000,DET@BOS 05/04/2021 07:10PM ET,BOS,5.20
RP,Austin Brice (17398478),Austin Brice,17398478,P,4000,DET@BOS 05/04/2021 07:10PM ET,BOS,1.76
RP,Matt Andriese (17398515),Matt Andriese,17398515,P,4000,DET@BOS 05/04/2021 07:10PM ET,BOS,3.34
RP,Hirokazu Sawamura (17398525),Hirokazu Sawamura,17398525,P,4000,DET@BOS 05/04/2021 07:10PM ET,BOS,3.83
3B,Jeimer Candelario (17398533),Jeimer Candelario,17398533,3B,4000,DET@BOS 05/04/2021 07:10PM ET,DET,6.07
RP,Miguel Del Pozo (17398536),Miguel Del Pozo,17398536,P,4000,DET@BOS 05/04/2021 07:10PM ET,DET,0
RP,Colten Brewer (17398556),Colten Brewer,17398556,P,4000,DET@BOS 05/04/2021 07:10PM ET,BOS,0
RP,Kevin McCarthy (17398725),Kevin McCarthy,17398725,P,4000,DET@BOS 05/04/2021 07:10PM ET,BOS,0
RP,Caleb Simpson (17398738),Caleb Simpson,17398738,P,4000,DET@BOS 05/04/2021 07:10PM ET,BOS,0
RP,Joe Jimenez (17398752),Joe Jimenez,17398752,P,4000,DET@BOS 05/04/2021 07:10PM ET,DET,-3.98
RP,Josh Taylor (17398837),Josh Taylor,17398837,P,4000,DET@BOS 05/04/2021 07:10PM ET,BOS,1.40
RP,Matt Hall (17398840),Matt Hall,17398840,P,4000,DET@BOS 05/04/2021 07:10PM ET,BOS,0
RP,Eduard Bazardo (17398861),Eduard Bazardo,17398861,P,4000,DET@BOS 05/04/2021 07:10PM ET,BOS,3.05
RP,Bryan Garcia (17398874),Bryan Garcia,17398874,P,4000,DET@BOS 05/04/2021 07:10PM ET,DET,2.08
RP,Beau Burrows (17398888),Beau Burrows,17398888,P,4000,DET@BOS 05/04/2021 07:10PM ET,DET,0
RP,Ben Taylor (17398904),Ben Taylor,17398904,P,4000,DET@BOS 05/04/2021 07:10PM ET,DET,0
RP,Zac Grotz (17398915),Zac Grotz,17398915,P,4000,DET@BOS 05/04/2021 07:10PM ET,BOS,0
RP,John Schreiber (17398992),John Schreiber,17398992,P,4000,DET@BOS 05/04/2021 07:10PM ET,BOS,0
RP,Zack Hess (17399002),Zack Hess,17399002,P,4000,DET@BOS 05/04/2021 07:10PM ET,DET,0
RP,Alex Lange (17399043),Alex Lange,17399043,P,4000,DET@BOS 05/04/2021 07:10PM ET,DET,2.81
RP,Durbin Feltman (17399104),Durbin Feltman,17399104,P,4000,DET@BOS 05/04/2021 07:10PM ET,BOS,0
RP,Darren O'Day (17398255),Darren O'Day,17398255,P,4000,HOU@NYY 05/04/2021 07:05PM ET,NYY,2.56
RP,Zack Britton (17398258),Zack Britton,17398258,P,4000,HOU@NYY 05/04/2021 07:05PM ET,NYY,0
RP,Joe Smith (17398259),Joe Smith,17398259,P,4000,HOU@NYY 05/04/2021 07:05PM ET,HOU,0.95
RP,Lucas Luetge (17398264),Lucas Luetge,17398264,P,4000,HOU@NYY 05/04/2021 07:05PM ET,NYY,4.90
RP,Ryan Pressly (17398288),Ryan Pressly,17398288,P,4000,HOU@NYY 05/04/2021 07:05PM ET,HOU,4.54
RP,Pedro Baez (17398303),Pedro Baez,17398303,P,4000,HOU@NYY 05/04/2021 07:05PM ET,HOU,0
RP,Luis Garcia (17398305),Luis Garcia,17398305,P,4000,HOU@NYY 05/04/2021 07:05PM ET,NYY,0
RP,Mike Montgomery (17398312),Mike Montgomery,17398312,P,4000,HOU@NYY 05/04/2021 07:05PM ET,NYY,0
RP,Justin Wilson (17398324),Justin Wilson,17398324,P,4000,HOU@NYY 05/04/2021 07:05PM ET,NYY,1.48
RP,Adam Warren (17398377),Adam Warren,17398377,P,4000,HOU@NYY 05/04/2021 07:05PM ET,NYY,0
RP,Brooks Raley (17398383),Brooks Raley,17398383,P,4000,HOU@NYY 05/04/2021 07:05PM ET,HOU,2.20
RP,Tyler Lyons (17398388),Tyler Lyons,17398388,P,4000,HOU@NYY 05/04/2021 07:05PM ET,NYY,0
RP,Luis Cessa (17398432),Luis Cessa,17398432,P,4000,HOU@NYY 05/04/2021 07:05PM ET,NYY,5.63
RP,Aroldis Chapman (17398439),Aroldis Chapman,17398439,P,4000,HOU@NYY 05/04/2021 07:05PM ET,NYY,7.15
RP,Hector Velazquez (17398445),Hector Velazquez,17398445,P,4000,HOU@NYY 05/04/2021 07:05PM ET,HOU,0
RP,Ryne Stanek (17398469),Ryne Stanek,17398469,P,4000,HOU@NYY 05/04/2021 07:05PM ET,HOU,4.40
RP,Wandy Peralta (17398488),Wandy Peralta,17398488,P,4000,HOU@NYY 05/04/2021 07:05PM ET,NYY,2.6
RP,Chad Green (17398503),Chad Green,17398503,P,4000,HOU@NYY 05/04/2021 07:05PM ET,NYY,4.58
RP,Nick Goody (17398573),Nick Goody,17398573,P,4000,HOU@NYY 05/04/2021 07:05PM ET,NYY,0
RP,Kyle Barraclough (17398579),Kyle Barraclough,17398579,P,4000,HOU@NYY 05/04/2021 07:05PM ET,NYY,0
RP,Francis Martes (17398685),Francis Martes,17398685,P,4000,HOU@NYY 05/04/2021 07:05PM ET,HOU,0
RP,Austin Pruitt (17398722),Austin Pruitt,17398722,P,4000,HOU@NYY 05/04/2021 07:05PM ET,HOU,0
RP,Nestor Cortes Jr. (17398737),Nestor Cortes Jr.,17398737,P,4000,HOU@NYY 05/04/2021 07:05PM ET,NYY,0
RP,Bryan Abreu (17398782),Bryan Abreu,17398782,P,4000,HOU@NYY 05/04/2021 07:05PM ET,HOU,4.1
RP,Peter Solomon (17398810),Peter Solomon,17398810,P,4000,HOU@NYY 05/04/2021 07:05PM ET,HOU,3.65
RP,Andre Scrubb (17398858),Andre Scrubb,17398858,P,4000,HOU@NYY 05/04/2021 07:05PM ET,HOU,-2.15
RP,Michael King (17398882),Michael King,17398882,P,4000,HOU@NYY 05/04/2021 07:05PM ET,NYY,12.45
RP,Riley Ferrell (17398896),Riley Ferrell,17398896,P,4000,HOU@NYY 05/04/2021 07:05PM ET,HOU,0
RP,Ralph Garza Jr. (17398914),Ralph Garza Jr.,17398914,P,4000,HOU@NYY 05/04/2021 07:05PM ET,HOU,0
RP,Luis Gil (17398932),Luis Gil,17398932,P,4000,HOU@NYY 05/04/2021 07:05PM ET,NYY,0
RP,Brooks Kriske (17398985),Brooks Kriske,17398985,P,4000,HOU@NYY 05/04/2021 07:05PM ET,NYY,0.45
RP,Reggie McClain (17398990),Reggie McClain,17398990,P,4000,HOU@NYY 05/04/2021 07:05PM ET,NYY,0
RP,Blair Henley (17398996),Blair Henley,17398996,P,4000,HOU@NYY 05/04/2021 07:05PM ET,HOU,0
RP,Enoli Paredes (17399008),Enoli Paredes,17399008,P,4000,HOU@NYY 05/04/2021 07:05PM ET,HOU,0.73
RP,Nivaldo Rodriguez (17399013),Nivaldo Rodriguez,17399013,P,4000,HOU@NYY 05/04/2021 07:05PM ET,HOU,8.35
RP,Jose Alberto Rivera (17399038),Jose Alberto Rivera,17399038,P,4000,HOU@NYY 05/04/2021 07:05PM ET,HOU,0
RP,Tyler Ivey (17399053),Tyler Ivey,17399053,P,4000,HOU@NYY 05/04/2021 07:05PM ET,HOU,0
RP,Addison Russ (17399065),Addison Russ,17399065,P,4000,HOU@NYY 05/04/2021 07:05PM ET,NYY,0
RP,Jojanse Torres (17399118),Jojanse Torres,17399118,P,4000,HOU@NYY 05/04/2021 07:05PM ET,HOU,0
RP,Hunter Brown (17399121),Hunter Brown,17399121,P,4000,HOU@NYY 05/04/2021 07:05PM ET,HOU,0
RP,Matt Bush (17398230),Matt Bush,17398230,P,4000,TEX@MIN 05/04/2021 07:40PM ET,TEX,1.92
RP,Nick Vincent (17398326),Nick Vincent,17398326,P,4000,TEX@MIN 05/04/2021 07:40PM ET,TEX,0
RP,Andrew Albers (17398328),Andrew Albers,17398328,P,4000,TEX@MIN 05/04/2021 07:40PM ET,MIN,0
RP,Danny Coulombe (17398341),Danny Coulombe,17398341,P,4000,TEX@MIN 05/04/2021 07:40PM ET,MIN,0
RP,Alex Colome (17398354),Alex Colome,17398354,P,4000,TEX@MIN 05/04/2021 07:40PM ET,MIN,1.72
RP,Caleb Thielbar (17398397),Caleb Thielbar,17398397,P,4000,TEX@MIN 05/04/2021 07:40PM ET,MIN,5.38
RP,Derek Law (17398398),Derek Law,17398398,P,4000,TEX@MIN 05/04/2021 07:40PM ET,MIN,0
RP,Taylor Rogers (17398402),Taylor Rogers,17398402,P,4000,TEX@MIN 05/04/2021 07:40PM ET,MIN,4.07
RP,Juan Minaya (17398410),Juan Minaya,17398410,P,4000,TEX@MIN 05/04/2021 07:40PM ET,MIN,0
RP,Hansel Robles (17398433),Hansel Robles,17398433,P,4000,TEX@MIN 05/04/2021 07:40PM ET,MIN,2.24
RP,Joely Rodriguez (17398437),Joely Rodriguez,17398437,P,4000,TEX@MIN 05/04/2021 07:40PM ET,TEX,3.09
RP,Jose Leclerc (17398535),Jose Leclerc,17398535,P,4000,TEX@MIN 05/04/2021 07:40PM ET,TEX,0
RP,Spencer Patton (17398566),Spencer Patton,17398566,P,4000,TEX@MIN 05/04/2021 07:40PM ET,TEX,0
RP,Chandler Shepherd (17398585),Chandler Shepherd,17398585,P,4000,TEX@MIN 05/04/2021 07:40PM ET,MIN,0
RP,Andrew Vasquez (17398586),Andrew Vasquez,17398586,P,4000,TEX@MIN 05/04/2021 07:40PM ET,MIN,0
RP,Tyler Duffey (17398595),Tyler Duffey,17398595,P,4000,TEX@MIN 05/04/2021 07:40PM ET,MIN,2.17
RP,Luke Farrell (17398599),Luke Farrell,17398599,P,4000,TEX@MIN 05/04/2021 07:40PM ET,MIN,3.05
RP,Robinson Leyer (17398612),Robinson Leyer,17398612,P,4000,TEX@MIN 05/04/2021 07:40PM ET,MIN,0
RP,Taylor Hearn (17398649),Taylor Hearn,17398649,P,4000,TEX@MIN 05/04/2021 07:40PM ET,TEX,3.82
RP,Drew Anderson (17398650),Drew Anderson,17398650,P,4000,TEX@MIN 05/04/2021 07:40PM ET,TEX,0
RP,Hunter Wood (17398653),Hunter Wood,17398653,P,4000,TEX@MIN 05/04/2021 07:40PM ET,TEX,0
RP,Jimmy Herget (17398656),Jimmy Herget,17398656,P,4000,TEX@MIN 05/04/2021 07:40PM ET,TEX,0
RP,Jonathan Hernandez (17398698),Jonathan Hernandez,17398698,P,4000,TEX@MIN 05/04/2021 07:40PM ET,TEX,0
RP,Glenn Sparkman (17398727),Glenn Sparkman,17398727,P,4000,TEX@MIN 05/04/2021 07:40PM ET,MIN,0
RP,Joe Palumbo (17398732),Joe Palumbo,17398732,P,4000,TEX@MIN 05/04/2021 07:40PM ET,TEX,0
RP,Lewis Thorpe (17398748),Lewis Thorpe,17398748,P,4000,TEX@MIN 05/04/2021 07:40PM ET,MIN,5.42
RP,Josh Sborz (17398768),Josh Sborz,17398768,P,4000,TEX@MIN 05/04/2021 07:40PM ET,TEX,3.97
RP,Luis Ortiz (17398788),Luis Ortiz,17398788,P,4000,TEX@MIN 05/04/2021 07:40PM ET,TEX,0
RP,Joe Gatto (17398792),Joe Gatto,17398792,P,4000,TEX@MIN 05/04/2021 07:40PM ET,TEX,0
RP,Brett Martin (17398801),Brett Martin,17398801,P,4000,TEX@MIN 05/04/2021 07:40PM ET,TEX,1.44
RP,Devin Smeltzer (17398821),Devin Smeltzer,17398821,P,4000,TEX@MIN 05/04/2021 07:40PM ET,MIN,14.1
RP,Ian Gibaut (17398841),Ian Gibaut,17398841,P,4000,TEX@MIN 05/04/2021 07:40PM ET,MIN,0
RP,Jorge Alcala (17398862),Jorge Alcala,17398862,P,4000,TEX@MIN 05/04/2021 07:40PM ET,MIN,3.40
RP,Ian Hamilton (17398878),Ian Hamilton,17398878,P,4000,TEX@MIN 05/04/2021 07:40PM ET,MIN,0
RP,Brandon Waddell (17398903),Brandon Waddell,17398903,P,4000,TEX@MIN 05/04/2021 07:40PM ET,MIN,-0.83
RP,Cody Stashak (17398909),Cody Stashak,17398909,P,4000,TEX@MIN 05/04/2021 07:40PM ET,MIN,2.85
RP,Hyeon-Jong Yang (17398938),Hyeon-Jong Yang,17398938,P,4000,TEX@MIN 05/04/2021 07:40PM ET,TEX,10.65
RP,Yerry Rodriguez (17398986),Yerry Rodriguez,17398986,P,4000,TEX@MIN 05/04/2021 07:40PM ET,TEX,0
1B,Nate Lowe (17398991),Nate Lowe,17398991,1B,4000,TEX@MIN 05/04/2021 07:40PM ET,TEX,8.9
RP,John King (17399063),John King,17399063,P,4000,TEX@MIN 05/04/2021 07:40PM ET,TEX,3.86
RP,Brett de Geus (17399071),Brett de Geus,17399071,P,4000,TEX@MIN 05/04/2021 07:40PM ET,TEX,2.02
RP,Randy Dobnak (17399080),Randy Dobnak,17399080,P,4000,TEX@MIN 05/04/2021 07:40PM ET,MIN,2.24
SP,Jimmy Nelson (17398471),Jimmy Nelson,17398471,P,3900,LAD@CHC 05/04/2021 07:40PM ET,LAD,3.58
SP,Kohl Stewart (17398695),Kohl Stewart,17398695,P,3900,LAD@CHC 05/04/2021 07:40PM ET,CHC,0
SP,Justin Steele (17398802),Justin Steele,17398802,P,3900,LAD@CHC 05/04/2021 07:40PM ET,CHC,4.57
SP,Andre Jackson (17398820),Andre Jackson,17398820,P,3900,LAD@CHC 05/04/2021 07:40PM ET,LAD,0
SP,Brendon Little (17398924),Brendon Little,17398924,P,3900,LAD@CHC 05/04/2021 07:40PM ET,CHC,0
SP,Michael Rucker (17399004),Michael Rucker,17399004,P,3900,LAD@CHC 05/04/2021 07:40PM ET,CHC,0
SP,Edwin Uceta (17399009),Edwin Uceta,17399009,P,3900,LAD@CHC 05/04/2021 07:40PM ET,LAD,1.5
SP,Gerardo Carrillo (17399029),Gerardo Carrillo,17399029,P,3900,LAD@CHC 05/04/2021 07:40PM ET,LAD,0
SP,Michael Grove (17399032),Michael Grove,17399032,P,3900,LAD@CHC 05/04/2021 07:40PM ET,LAD,0
SP,Cory Abbott (17399051),Cory Abbott,17399051,P,3900,LAD@CHC 05/04/2021 07:40PM ET,CHC,0
SP,Josiah Gray (17399088),Josiah Gray,17399088,P,3900,LAD@CHC 05/04/2021 07:40PM ET,LAD,0
SP,Ryan Pepiot (17399122),Ryan Pepiot,17399122,P,3900,LAD@CHC 05/04/2021 07:40PM ET,LAD,0
SP,Kendall Williams (17399125),Kendall Williams,17399125,P,3900,LAD@CHC 05/04/2021 07:40PM ET,LAD,0
SP,Landon Knack (17399138),Landon Knack,17399138,P,3900,LAD@CHC 05/04/2021 07:40PM ET,LAD,0
SP,Jerad Eickhoff (17398507),Jerad Eickhoff,17398507,P,3900,NYM@STL 05/04/2021 07:45PM ET,NYM,0
SP,Corey Oswalt (17398635),Corey Oswalt,17398635,P,3900,NYM@STL 05/04/2021 07:45PM ET,NYM,0
SP,Oscar De La Cruz (17398691),Oscar De La Cruz,17398691,P,3900,NYM@STL 05/04/2021 07:45PM ET,NYM,0
OF,Dominic Smith (17398699),Dominic Smith,17398699,OF,3900,NYM@STL 05/04/2021 07:45PM ET,NYM,5.14
SP,Garrett Williams (17398735),Garrett Williams,17398735,P,3900,NYM@STL 05/04/2021 07:45PM ET,STL,0
SP,Alex Reyes (17398747),Alex Reyes,17398747,P,3900,NYM@STL 05/04/2021 07:45PM ET,STL,3.96
SP,Genesis Cabrera (17398781),Genesis Cabrera,17398781,P,3900,NYM@STL 05/04/2021 07:45PM ET,STL,2.90
SP,Sean Reid-Foley (17398790),Sean Reid-Foley,17398790,P,3900,NYM@STL 05/04/2021 07:45PM ET,NYM,12.02
SP,Jordan Yamamoto (17398805),Jordan Yamamoto,17398805,P,3900,NYM@STL 05/04/2021 07:45PM ET,NYM,0
SP,Sam McWilliams (17398807),Sam McWilliams,17398807,P,3900,NYM@STL 05/04/2021 07:45PM ET,NYM,0
SS,Paul DeJong (17398828),Paul DeJong,17398828,SS,3900,NYM@STL 05/04/2021 07:45PM ET,STL,6.89
SP,Franklyn Kilome (17398834),Franklyn Kilome,17398834,P,3900,NYM@STL 05/04/2021 07:45PM ET,NYM,0
SP,Jake Woodford (17398891),Jake Woodford,17398891,P,3900,NYM@STL 05/04/2021 07:45PM ET,STL,5.1
SP,Thomas Szapucki (17398902),Thomas Szapucki,17398902,P,3900,NYM@STL 05/04/2021 07:45PM ET,NYM,0
SP,Angel Rondon (17398956),Angel Rondon,17398956,P,3900,NYM@STL 05/04/2021 07:45PM ET,STL,0
SP,Matthew Liberatore (17399094),Matthew Liberatore,17399094,P,3900,NYM@STL 05/04/2021 07:45PM ET,STL,0
SP,Matthew Allan (17399128),Matthew Allan,17399128,P,3900,NYM@STL 05/04/2021 07:45PM ET,NYM,0
SP,Bryan Mitchell (17398392),Bryan Mitchell,17398392,P,3900,MIL@PHI 05/04/2021 07:05PM ET,PHI,0
SP,Brent Suter (17398601),Brent Suter,17398601,P,3900,MIL@PHI 05/04/2021 07:05PM ET,MIL,4.53
SP,Angel Perdomo (17398636),Angel Perdomo,17398636,P,3900,MIL@PHI 05/04/2021 07:05PM ET,MIL,3.74
SP,Zack Brown (17398740),Zack Brown,17398740,P,3900,MIL@PHI 05/04/2021 07:05PM ET,MIL,0
SP,Cristopher Sanchez (17398795),Cristopher Sanchez,17398795,P,3900,MIL@PHI 05/04/2021 07:05PM ET,PHI,0
SP,Drew Rasmussen (17398826),Drew Rasmussen,17398826,P,3900,MIL@PHI 05/04/2021 07:05PM ET,MIL,2.75
SP,Adonis Medina (17398836),Adonis Medina,17398836,P,3900,MIL@PHI 05/04/2021 07:05PM ET,PHI,0
SP,Alec Bettinger (17398865),Alec Bettinger,17398865,P,3900,MIL@PHI 05/04/2021 07:05PM ET,MIL,-21.4
SP,Enyel De Los Santos (17398931),Enyel De Los Santos,17398931,P,3900,MIL@PHI 05/04/2021 07:05PM ET,PHI,0
SP,Ethan Small (17398949),Ethan Small,17398949,P,3900,MIL@PHI 05/04/2021 07:05PM ET,MIL,0
SP,JoJo Romero (17398974),JoJo Romero,17398974,P,3900,MIL@PHI 05/04/2021 07:05PM ET,PHI,1.41
SP,Dylan File (17399023),Dylan File,17399023,P,3900,MIL@PHI 05/04/2021 07:05PM ET,MIL,0
SP,Spencer Howard (17399047),Spencer Howard,17399047,P,3900,MIL@PHI 05/04/2021 07:05PM ET,PHI,4.32
SP,David Parkinson (17399057),David Parkinson,17399057,P,3900,MIL@PHI 05/04/2021 07:05PM ET,PHI,0
SP,Aaron Ashby (17399067),Aaron Ashby,17399067,P,3900,MIL@PHI 05/04/2021 07:05PM ET,MIL,0
SP,Paolo Espino (17398263),Paolo Espino,17398263,P,3900,ATL@WAS 05/04/2021 07:05PM ET,WAS,4.88
SP,Tyler Matzek (17398361),Tyler Matzek,17398361,P,3900,ATL@WAS 05/04/2021 07:05PM ET,ATL,3.21
1B,Josh Bell (17398545),Josh Bell,17398545,1B,3900,ATL@WAS 05/04/2021 07:05PM ET,WAS,6.12
SP,Touki Toussaint (17398785),Touki Toussaint,17398785,P,3900,ATL@WAS 05/04/2021 07:05PM ET,ATL,0
SP,Tyler Eppler (17398806),Tyler Eppler,17398806,P,3900,ATL@WAS 05/04/2021 07:05PM ET,WAS,0
SP,Rogelio Armenteros (17398926),Rogelio Armenteros,17398926,P,3900,ATL@WAS 05/04/2021 07:05PM ET,WAS,0
SP,Kyle Muller (17398963),Kyle Muller,17398963,P,3900,ATL@WAS 05/04/2021 07:05PM ET,ATL,0
SP,Tucker Davidson (17398993),Tucker Davidson,17398993,P,3900,ATL@WAS 05/04/2021 07:05PM ET,ATL,0
SP,Joan Adon (17399027),Joan Adon,17399027,P,3900,ATL@WAS 05/04/2021 07:05PM ET,WAS,0
SP,Freddy Tarnok (17399052),Freddy Tarnok,17399052,P,3900,ATL@WAS 05/04/2021 07:05PM ET,ATL,0
SP,Cade Cavalli (17399069),Cade Cavalli,17399069,P,3900,ATL@WAS 05/04/2021 07:05PM ET,WAS,0
SP,Tyler Dyson (17399082),Tyler Dyson,17399082,P,3900,ATL@WAS 05/04/2021 07:05PM ET,WAS,0
SP,Cole Henry (17399113),Cole Henry,17399113,P,3900,ATL@WAS 05/04/2021 07:05PM ET,WAS,0
SP,Jackson Rutledge (17399126),Jackson Rutledge,17399126,P,3900,ATL@WAS 05/04/2021 07:05PM ET,WAS,0
SP,Drew Hutchison (17398391),Drew Hutchison,17398391,P,3900,DET@BOS 05/04/2021 07:10PM ET,DET,0
SP,Daniel Gossett (17398564),Daniel Gossett,17398564,P,3900,DET@BOS 05/04/2021 07:10PM ET,BOS,0
SP,Gregory Soto (17398692),Gregory Soto,17398692,P,3900,DET@BOS 05/04/2021 07:10PM ET,DET,3.17
SP,Stephen Gonsalves (17398710),Stephen Gonsalves,17398710,P,3900,DET@BOS 05/04/2021 07:10PM ET,BOS,0
SP,Logan Shore (17398731),Logan Shore,17398731,P,3900,DET@BOS 05/04/2021 07:10PM ET,DET,0
SP,Kyle Funkhouser (17398765),Kyle Funkhouser,17398765,P,3900,DET@BOS 05/04/2021 07:10PM ET,DET,0
SP,Darwinzon Hernandez (17398776),Darwinzon Hernandez,17398776,P,3900,DET@BOS 05/04/2021 07:10PM ET,BOS,3.12
SP,Connor Seabold (17398815),Connor Seabold,17398815,P,3900,DET@BOS 05/04/2021 07:10PM ET,BOS,0
SP,Franklin Perez (17398871),Franklin Perez,17398871,P,3900,DET@BOS 05/04/2021 07:10PM ET,DET,0
SP,Andrew Moore (17398894),Andrew Moore,17398894,P,3900,DET@BOS 05/04/2021 07:10PM ET,DET,0
SP,Matt Manning (17398959),Matt Manning,17398959,P,3900,DET@BOS 05/04/2021 07:10PM ET,DET,0
SP,Jay Groome (17398960),Jay Groome,17398960,P,3900,DET@BOS 05/04/2021 07:10PM ET,BOS,0
SP,Kyle Hart (17398994),Kyle Hart,17398994,P,3900,DET@BOS 05/04/2021 07:10PM ET,BOS,0
SP,Garrett Whitlock (17399019),Garrett Whitlock,17399019,P,3900,DET@BOS 05/04/2021 07:10PM ET,BOS,8.89
SP,Thad Ward (17399105),Thad Ward,17399105,P,3900,DET@BOS 05/04/2021 07:10PM ET,BOS,0
SP,Asher Wojciechowski (17398461),Asher Wojciechowski,17398461,P,3900,HOU@NYY 05/04/2021 07:05PM ET,NYY,0
2B,Rougned Odor (17398565),Rougned Odor,17398565,2B,3900,HOU@NYY 05/04/2021 07:05PM ET,NYY,6.11
SP,Jonathan Loaisiga (17398694),Jonathan Loaisiga,17398694,P,3900,HOU@NYY 05/04/2021 07:05PM ET,NYY,5.31
SP,Blake Taylor (17398706),Blake Taylor,17398706,P,3900,HOU@NYY 05/04/2021 07:05PM ET,HOU,0.86
SP,Albert Abreu (17398778),Albert Abreu,17398778,P,3900,HOU@NYY 05/04/2021 07:05PM ET,NYY,3.65
SP,Nick Nelson (17398818),Nick Nelson,17398818,P,3900,HOU@NYY 05/04/2021 07:05PM ET,NYY,3.42
SP,Josh James (17398822),Josh James,17398822,P,3900,HOU@NYY 05/04/2021 07:05PM ET,HOU,0
SP,Deivi Garcia (17398951),Deivi Garcia,17398951,P,3900,HOU@NYY 05/04/2021 07:05PM ET,NYY,9.4
SP,Luis Medina (17399011),Luis Medina,17399011,P,3900,HOU@NYY 05/04/2021 07:05PM ET,NYY,0
SP,Jairo Solis (17399031),Jairo Solis,17399031,P,3900,HOU@NYY 05/04/2021 07:05PM ET,HOU,0
SP,Brett Conine (17399036),Brett Conine,17399036,P,3900,HOU@NYY 05/04/2021 07:05PM ET,HOU,0
SP,Clarke Schmidt (17399041),Clarke Schmidt,17399041,P,3900,HOU@NYY 05/04/2021 07:05PM ET,NYY,0
SP,Yoendrys Gomez (17399076),Yoendrys Gomez,17399076,P,3900,HOU@NYY 05/04/2021 07:05PM ET,NYY,0
SP,Austin Hansen (17399107),Austin Hansen,17399107,P,3900,HOU@NYY 05/04/2021 07:05PM ET,HOU,0
SP,Shawn Dubin (17399109),Shawn Dubin,17399109,P,3900,HOU@NYY 05/04/2021 07:05PM ET,HOU,0
SP,Ian Kennedy (17398254),Ian Kennedy,17398254,P,3900,TEX@MIN 05/04/2021 07:40PM ET,TEX,3.97
1B/3B,Willians Astudillo (17398424),Willians Astudillo,17398424,1B/3B,3900,TEX@MIN 05/04/2021 07:40PM ET,MIN,4.5
SP,Sam Gaviglio (17398557),Sam Gaviglio,17398557,P,3900,TEX@MIN 05/04/2021 07:40PM ET,TEX,0
SP,Jharel Cotton (17398577),Jharel Cotton,17398577,P,3900,TEX@MIN 05/04/2021 07:40PM ET,TEX,0
SP,Wes Benjamin (17398591),Wes Benjamin,17398591,P,3900,TEX@MIN 05/04/2021 07:40PM ET,TEX,3.58
SP,Shaun Anderson (17398746),Shaun Anderson,17398746,P,3900,TEX@MIN 05/04/2021 07:40PM ET,MIN,0
2B/OF,Luis Arraez (17398772),Luis Arraez,17398772,2B/OF,3900,TEX@MIN 05/04/2021 07:40PM ET,MIN,7
SP,Tyler Phillips (17398911),Tyler Phillips,17398911,P,3900,TEX@MIN 05/04/2021 07:40PM ET,TEX,0
SP,Edwar Colina (17398955),Edwar Colina,17398955,P,3900,TEX@MIN 05/04/2021 07:40PM ET,MIN,0
SP,Alex Speas (17398969),Alex Speas,17398969,P,3900,TEX@MIN 05/04/2021 07:40PM ET,TEX,0
SP,Jordan Balazovic (17398980),Jordan Balazovic,17398980,P,3900,TEX@MIN 05/04/2021 07:40PM ET,MIN,0
SP,A.J. Alexy (17399003),A.J. Alexy,17399003,P,3900,TEX@MIN 05/04/2021 07:40PM ET,TEX,0
SP,Matt Canterino (17399022),Matt Canterino,17399022,P,3900,TEX@MIN 05/04/2021 07:40PM ET,MIN,0
SP,Hans Crouse (17399050),Hans Crouse,17399050,P,3900,TEX@MIN 05/04/2021 07:40PM ET,TEX,0
SP,Jason Bahr (17399055),Jason Bahr,17399055,P,3900,TEX@MIN 05/04/2021 07:40PM ET,TEX,0
OF,Cody Bellinger (17398711),Cody Bellinger,17398711,OF,3800,LAD@CHC 05/04/2021 07:40PM ET,LAD,7.75
2B,Josh Harrison (17398330),Josh Harrison,17398330,2B,3800,ATL@WAS 05/04/2021 07:05PM ET,WAS,8.35
2B/SS,Willi Castro (17398831),Willi Castro,17398831,2B/SS,3800,DET@BOS 05/04/2021 07:10PM ET,DET,4.2
OF,Akil Baddoo (17398972),Akil Baddoo,17398972,OF,3800,DET@BOS 05/04/2021 07:10PM ET,DET,6.68
1B,Luke Voit (17398399),Luke Voit,17398399,1B,3800,HOU@NYY 05/04/2021 07:05PM ET,NYY,0
3B,Alec Bohm (17399020),Alec Bohm,17399020,3B,3700,MIL@PHI 05/04/2021 07:05PM ET,PHI,5.93
1B/2B,Keston Hiura (17399039),Keston Hiura,17399039,1B/2B,3700,MIL@PHI 05/04/2021 07:05PM ET,MIL,4.12
OF,Kyle Schwarber (17398678),Kyle Schwarber,17398678,OF,3700,ATL@WAS 05/04/2021 07:05PM ET,WAS,5.71
1B,Bobby Dalbec (17398842),Bobby Dalbec,17398842,1B,3700,DET@BOS 05/04/2021 07:10PM ET,BOS,4.13
C,Kyle Higashioka (17398333),Kyle Higashioka,17398333,C,3700,HOU@NYY 05/04/2021 07:05PM ET,NYY,7.07
OF,Michael Conforto (17398676),Michael Conforto,17398676,OF,3600,NYM@STL 05/04/2021 07:45PM ET,NYM,6.5
1B/2B,Marwin Gonzalez (17398272),Marwin Gonzalez,17398272,1B/2B,3600,DET@BOS 05/04/2021 07:10PM ET,BOS,5.52
2B/3B,Aledmys Diaz (17398754),Aledmys Diaz,17398754,2B/3B,3600,HOU@NYY 05/04/2021 07:05PM ET,HOU,6.47
OF,Max Kepler (17398493),Max Kepler,17398493,OF,3600,TEX@MIN 05/04/2021 07:40PM ET,MIN,6.94
C,Jose Trevino (17398764),Jose Trevino,17398764,C,3600,TEX@MIN 05/04/2021 07:40PM ET,TEX,4.57
OF,AJ Pollock (17398362),AJ Pollock,17398362,OF,3500,LAD@CHC 05/04/2021 07:40PM ET,LAD,7.12
OF,Jake Marisnick (17398375),Jake Marisnick,17398375,OF,3500,LAD@CHC 05/04/2021 07:40PM ET,CHC,5.41
3B,Matt Duffy (17398594),Matt Duffy,17398594,3B,3500,LAD@CHC 05/04/2021 07:40PM ET,CHC,4
2B/SS,Nico Hoerner (17399034),Nico Hoerner,17399034,2B/SS,3500,LAD@CHC 05/04/2021 07:40PM ET,CHC,9.54
3B,J.D. Davis (17398560),J.D. Davis,17398560,3B,3500,NYM@STL 05/04/2021 07:45PM ET,NYM,7.57
2B/OF,Brad Miller (17398546),Brad Miller,17398546,2B/OF,3500,MIL@PHI 05/04/2021 07:05PM ET,PHI,4.26
1B,Danny Santana (17398418),Danny Santana,17398418,1B,3500,DET@BOS 05/04/2021 07:10PM ET,BOS,0
1B,Miguel Sano (17398457),Miguel Sano,17398457,1B,3500,TEX@MIN 05/04/2021 07:40PM ET,MIN,5
OF,Joey Gallo (17398620),Joey Gallo,17398620,OF,3500,TEX@MIN 05/04/2021 07:40PM ET,TEX,7.28
OF,Adolis Garcia (17398937),Adolis Garcia,17398937,OF,3500,TEX@MIN 05/04/2021 07:40PM ET,TEX,8.7
2B/3B,Sheldon Neuse (17398742),Sheldon Neuse,17398742,2B/3B,3400,LAD@CHC 05/04/2021 07:40PM ET,LAD,4.4
C,James McCann (17398514),James McCann,17398514,C,3400,NYM@STL 05/04/2021 07:45PM ET,NYM,3.95
OF,Brandon Nimmo (17398542),Brandon Nimmo,17398542,OF,3400,NYM@STL 05/04/2021 07:45PM ET,NYM,6.95
3B,Travis Shaw (17398518),Travis Shaw,17398518,3B,3400,MIL@PHI 05/04/2021 07:05PM ET,MIL,7.12
SS,Luis Urias (17398780),Luis Urias,17398780,SS,3400,MIL@PHI 05/04/2021 07:05PM ET,MIL,6.04
C,Yan Gomes (17398387),Yan Gomes,17398387,C,3400,ATL@WAS 05/04/2021 07:05PM ET,WAS,6
OF,Hunter Renfroe (17398500),Hunter Renfroe,17398500,OF,3400,DET@BOS 05/04/2021 07:10PM ET,BOS,5.19
2B,Alex De Goti (17399005),Alex De Goti,17399005,2B,3400,HOU@NYY 05/04/2021 07:05PM ET,HOU,7
3B,Charlie Culberson (17398286),Charlie Culberson,17398286,3B,3400,TEX@MIN 05/04/2021 07:40PM ET,TEX,5.83
OF,Jason Heyward (17398277),Jason Heyward,17398277,OF,3300,LAD@CHC 05/04/2021 07:40PM ET,CHC,5.18
2B/3B,Jonathan Villar (17398416),Jonathan Villar,17398416,2B/3B,3300,NYM@STL 05/04/2021 07:45PM ET,NYM,3.15
OF,Dylan Carlson (17398967),Dylan Carlson,17398967,OF,3300,NYM@STL 05/04/2021 07:45PM ET,STL,7.52
1B,Miguel Cabrera (17398227),Miguel Cabrera,17398227,1B,3300,DET@BOS 05/04/2021 07:10PM ET,DET,4.29
C,Dustin Garneau (17398394),Dustin Garneau,17398394,C,3300,DET@BOS 05/04/2021 07:10PM ET,DET,0
1B,Jonathan Schoop (17398436),Jonathan Schoop,17398436,1B,3300,DET@BOS 05/04/2021 07:10PM ET,DET,4
C,Jason Castro (17398308),Jason Castro,17398308,C,3300,HOU@NYY 05/04/2021 07:05PM ET,HOU,6.75
2B/3B,Luis Guillorme (17398718),Luis Guillorme,17398718,2B/3B,3200,NYM@STL 05/04/2021 07:45PM ET,NYM,2.29
2B/SS,Nick Maton (17398918),Nick Maton,17398918,2B/SS,3200,MIL@PHI 05/04/2021 07:05PM ET,PHI,5.14
3B,Starlin Castro (17398347),Starlin Castro,17398347,3B,3200,ATL@WAS 05/04/2021 07:05PM ET,WAS,5.17
OF,Guillermo Heredia (17398680),Guillermo Heredia,17398680,OF,3200,ATL@WAS 05/04/2021 07:05PM ET,ATL,8.31
OF,Yadiel Hernandez (17398681),Yadiel Hernandez,17398681,OF,3200,ATL@WAS 05/04/2021 07:05PM ET,WAS,5.43
OF,Robbie Grossman (17398329),Robbie Grossman,17398329,OF,3200,DET@BOS 05/04/2021 07:10PM ET,DET,5.85
2B/SS,Jonathan Arauz (17398927),Jonathan Arauz,17398927,2B/SS,3200,DET@BOS 05/04/2021 07:10PM ET,BOS,0
OF,Clint Frazier (17398696),Clint Frazier,17398696,OF,3200,HOU@NYY 05/04/2021 07:05PM ET,NYY,4.26
OF,Khris Davis (17398268),Khris Davis,17398268,OF,3200,TEX@MIN 05/04/2021 07:40PM ET,TEX,0
1B/OF,Alex Kirilloff (17398961),Alex Kirilloff,17398961,1B/OF,3200,TEX@MIN 05/04/2021 07:40PM ET,MIN,8.42
2B,Gavin Lux (17398964),Gavin Lux,17398964,2B,3100,LAD@CHC 05/04/2021 07:40PM ET,LAD,4.26
C,Andrew Knapp (17398505),Andrew Knapp,17398505,C,3100,MIL@PHI 05/04/2021 07:05PM ET,PHI,3.14
2B/3B,Jordy Mercer (17398317),Jordy Mercer,17398317,2B/3B,3100,ATL@WAS 05/04/2021 07:05PM ET,WAS,2.5
3B/OF,Yairo Munoz (17398603),Yairo Munoz,17398603,3B/OF,3100,DET@BOS 05/04/2021 07:10PM ET,BOS,0
2B,Christian Arroyo (17398701),Christian Arroyo,17398701,2B,3100,DET@BOS 05/04/2021 07:10PM ET,BOS,5.5
OF,Aaron Hicks (17398309),Aaron Hicks,17398309,OF,3100,HOU@NYY 05/04/2021 07:05PM ET,NYY,5.52
OF,Kyle Tucker (17398885),Kyle Tucker,17398885,OF,3100,HOU@NYY 05/04/2021 07:05PM ET,HOU,6.5
C,Jonah Heim (17398714),Jonah Heim,17398714,C,3100,TEX@MIN 05/04/2021 07:40PM ET,TEX,4.8
OF,Willie Calhoun (17398726),Willie Calhoun,17398726,OF,3100,TEX@MIN 05/04/2021 07:40PM ET,TEX,7.36
C,Ryan Jeffers (17399100),Ryan Jeffers,17399100,C,3100,TEX@MIN 05/04/2021 07:40PM ET,MIN,2.82
2B/3B,Ildemaro Vargas (17398421),Ildemaro Vargas,17398421,2B/3B,3000,LAD@CHC 05/04/2021 07:40PM ET,CHC,0
1B/OF,Matt Beaty (17398587),Matt Beaty,17398587,1B/OF,3000,LAD@CHC 05/04/2021 07:40PM ET,LAD,4.72
OF,Tyler O'Neill (17398709),Tyler O'Neill,17398709,OF,3000,NYM@STL 05/04/2021 07:45PM ET,STL,8.16
OF,Lorenzo Cain (17398240),Lorenzo Cain,17398240,OF,3000,MIL@PHI 05/04/2021 07:05PM ET,MIL,9.12
C,Manny Pina (17398248),Manny Pina,17398248,C,3000,MIL@PHI 05/04/2021 07:05PM ET,MIL,5
1B,Pablo Sandoval (17398237),Pablo Sandoval,17398237,1B,3000,ATL@WAS 05/04/2021 07:05PM ET,ATL,3.95
2B,Jason Kipnis (17398322),Jason Kipnis,17398322,2B,3000,ATL@WAS 05/04/2021 07:05PM ET,ATL,0
C,Kevin Plawecki (17398596),Kevin Plawecki,17398596,C,3000,DET@BOS 05/04/2021 07:10PM ET,BOS,3.33
C,Grayson Greiner (17398797),Grayson Greiner,17398797,C,3000,DET@BOS 05/04/2021 07:10PM ET,DET,4
3B,Brock Holt (17398382),Brock Holt,17398382,3B,3000,TEX@MIN 05/04/2021 07:40PM ET,TEX,5.27
2B/3B,David Bote (17398645),David Bote,17398645,2B/3B,2900,LAD@CHC 05/04/2021 07:40PM ET,CHC,4.11
C,Alex Avila (17398327),Alex Avila,17398327,C,2900,ATL@WAS 05/04/2021 07:05PM ET,WAS,4
1B,Mike Ford (17398673),Mike Ford,17398673,1B,2900,HOU@NYY 05/04/2021 07:05PM ET,NYY,5.22
OF,Myles Straw (17398905),Myles Straw,17398905,OF,2900,HOU@NYY 05/04/2021 07:05PM ET,HOU,5.96
3B,Abraham Toro (17398982),Abraham Toro,17398982,3B,2900,HOU@NYY 05/04/2021 07:05PM ET,HOU,0.83
OF,David Dahl (17398624),David Dahl,17398624,OF,2900,TEX@MIN 05/04/2021 07:40PM ET,TEX,4.77
OF,Joc Pederson (17398482),Joc Pederson,17398482,OF,2800,LAD@CHC 05/04/2021 07:40PM ET,CHC,4.31
OF,Ian Happ (17398762),Ian Happ,17398762,OF,2800,LAD@CHC 05/04/2021 07:40PM ET,CHC,4.73
2B,Jose Peraza (17398530),Jose Peraza,17398530,2B,2800,NYM@STL 05/04/2021 07:45PM ET,NYM,2.5
OF,Avisail Garcia (17398358),Avisail Garcia,17398358,OF,2800,MIL@PHI 05/04/2021 07:05PM ET,MIL,6.88
3B/SS,Ronald Torreyes (17398446),Ronald Torreyes,17398446,3B/SS,2800,MIL@PHI 05/04/2021 07:05PM ET,PHI,1
3B/SS,Orlando Arcia (17398531),Orlando Arcia,17398531,3B/SS,2800,ATL@WAS 05/04/2021 07:05PM ET,ATL,1.25
C,William Contreras (17398854),William Contreras,17398854,C,2800,ATL@WAS 05/04/2021 07:05PM ET,ATL,7
2B,Zack Short (17398859),Zack Short,17398859,2B,2800,DET@BOS 05/04/2021 07:10PM ET,DET,3.5
OF,Brent Rooker (17398940),Brent Rooker,17398940,OF,2800,TEX@MIN 05/04/2021 07:40PM ET,MIN,3.25
OF,Harrison Bader (17398838),Harrison Bader,17398838,OF,2700,NYM@STL 05/04/2021 07:45PM ET,STL,11.5
OF,Roman Quinn (17398548),Roman Quinn,17398548,OF,2700,MIL@PHI 05/04/2021 07:05PM ET,PHI,3.44
1B,Daniel Vogelbach (17398549),Daniel Vogelbach,17398549,1B,2700,MIL@PHI 05/04/2021 07:05PM ET,MIL,3.11
2B/OF,Jace Peterson (17398554),Jace Peterson,17398554,2B/OF,2700,MIL@PHI 05/04/2021 07:05PM ET,MIL,5.1
C,Jacob Nottingham (17398712),Jacob Nottingham,17398712,C,2700,MIL@PHI 05/04/2021 07:05PM ET,MIL,30
C,Alex Jackson (17398784),Alex Jackson,17398784,C,2700,ATL@WAS 05/04/2021 07:05PM ET,ATL,1.7
3B/OF,Miguel Andujar (17398657),Miguel Andujar,17398657,3B/OF,2700,HOU@NYY 05/04/2021 07:05PM ET,NYY,0
3B/SS,Anderson Tejeda (17398851),Anderson Tejeda,17398851,3B/SS,2700,TEX@MIN 05/04/2021 07:40PM ET,TEX,2.4
OF,Kyle Garlick (17398916),Kyle Garlick,17398916,OF,2700,TEX@MIN 05/04/2021 07:40PM ET,MIN,3.77
C,Austin Barnes (17398521),Austin Barnes,17398521,C,2600,LAD@CHC 05/04/2021 07:40PM ET,LAD,3.94
1B/2B,Matt Carpenter (17398389),Matt Carpenter,17398389,1B/2B,2600,NYM@STL 05/04/2021 07:45PM ET,STL,3.33
SS,Edmundo Sosa (17398686),Edmundo Sosa,17398686,SS,2600,NYM@STL 05/04/2021 07:45PM ET,STL,1.75
OF,Jackie Bradley Jr. (17398440),Jackie Bradley Jr.,17398440,OF,2600,MIL@PHI 05/04/2021 07:05PM ET,MIL,5.07
2B/3B,Pablo Reyes (17398608),Pablo Reyes,17398608,2B/3B,2600,MIL@PHI 05/04/2021 07:05PM ET,MIL,1.67
2B/OF,Scott Kingery (17398843),Scott Kingery,17398843,2B/OF,2600,MIL@PHI 05/04/2021 07:05PM ET,PHI,0.38
OF,Mickey Moniak (17398957),Mickey Moniak,17398957,OF,2600,MIL@PHI 05/04/2021 07:05PM ET,PHI,3.78
OF,Victor Robles (17398779),Victor Robles,17398779,OF,2600,ATL@WAS 05/04/2021 07:05PM ET,WAS,4.25
1B,Michael Chavis (17398787),Michael Chavis,17398787,1B,2600,DET@BOS 05/04/2021 07:10PM ET,BOS,2
C,Keibert Ruiz (17398853),Keibert Ruiz,17398853,C,2500,LAD@CHC 05/04/2021 07:40PM ET,LAD,0
OF,Zach McKinstry (17399001),Zach McKinstry,17399001,OF,2500,LAD@CHC 05/04/2021 07:40PM ET,LAD,7.47
C,Andrew Knizner (17398846),Andrew Knizner,17398846,C,2500,NYM@STL 05/04/2021 07:45PM ET,STL,3.75
OF,Andrew Stevenson (17398845),Andrew Stevenson,17398845,OF,2500,ATL@WAS 05/04/2021 07:05PM ET,WAS,3.36
OF,Cristian Pache (17398950),Cristian Pache,17398950,OF,2500,ATL@WAS 05/04/2021 07:05PM ET,ATL,3.54
1B/2B,Harold Castro (17398526),Harold Castro,17398526,1B/2B,2500,DET@BOS 05/04/2021 07:10PM ET,DET,2.18
OF,Nomar Mazara (17398663),Nomar Mazara,17398663,OF,2500,DET@BOS 05/04/2021 07:10PM ET,DET,5.08
OF,Brett Gardner (17398245),Brett Gardner,17398245,OF,2500,HOU@NYY 05/04/2021 07:05PM ET,NYY,3.10
OF,Chas McCormick (17399066),Chas McCormick,17399066,OF,2500,HOU@NYY 05/04/2021 07:05PM ET,HOU,4.29
1B/OF,Ronald Guzman (17398665),Ronald Guzman,17398665,1B/OF,2500,TEX@MIN 05/04/2021 07:40PM ET,TEX,2.29
C,Rafael Marchan (17398952),Rafael Marchan,17398952,C,2400,MIL@PHI 05/04/2021 07:05PM ET,PHI,0
C,Jeff Mathis (17398220),Jeff Mathis,17398220,C,2400,ATL@WAS 05/04/2021 07:05PM ET,ATL,0
SS,Ryan Goins (17398376),Ryan Goins,17398376,SS,2400,ATL@WAS 05/04/2021 07:05PM ET,ATL,0
OF,Ender Inciarte (17398403),Ender Inciarte,17398403,OF,2400,ATL@WAS 05/04/2021 07:05PM ET,ATL,2.25
2B/3B,Yolmer Sanchez (17398434),Yolmer Sanchez,17398434,2B/3B,2400,ATL@WAS 05/04/2021 07:05PM ET,ATL,0
3B/SS,Johan Camargo (17398605),Johan Camargo,17398605,3B/SS,2400,ATL@WAS 05/04/2021 07:05PM ET,ATL,0.22
OF,Phillip Ervin (17398674),Phillip Ervin,17398674,OF,2400,ATL@WAS 05/04/2021 07:05PM ET,ATL,0
OF,JaCoby Jones (17398491),JaCoby Jones,17398491,OF,2400,DET@BOS 05/04/2021 07:10PM ET,DET,2.35
OF,Franchy Cordero (17398610),Franchy Cordero,17398610,OF,2400,DET@BOS 05/04/2021 07:10PM ET,BOS,2.82
1B/3B,Taylor Jones (17398921),Taylor Jones,17398921,1B/3B,2400,HOU@NYY 05/04/2021 07:05PM ET,HOU,4.67
1B,Aaron Sabato (17399136),Aaron Sabato,17399136,1B,2400,TEX@MIN 05/04/2021 07:40PM ET,MIN,0
1B,Matt Davidson (17398366),Matt Davidson,17398366,1B,2300,LAD@CHC 05/04/2021 07:40PM ET,LAD,0
OF,Austin Dean (17398633),Austin Dean,17398633,OF,2300,NYM@STL 05/04/2021 07:45PM ET,STL,3.22
OF,Matt Joyce (17398247),Matt Joyce,17398247,OF,2300,MIL@PHI 05/04/2021 07:05PM ET,PHI,1.82
OF,Victor Reyes (17398607),Victor Reyes,17398607,OF,2300,DET@BOS 05/04/2021 07:10PM ET,DET,2.71
C,Martin Maldonado (17398236),Martin Maldonado,17398236,C,2300,HOU@NYY 05/04/2021 07:05PM ET,HOU,2.25
2B,Travis Blankenhorn (17398897),Travis Blankenhorn,17398897,2B,2300,TEX@MIN 05/04/2021 07:40PM ET,MIN,2
C,Ben Rortvedt (17398968),Ben Rortvedt,17398968,C,2300,TEX@MIN 05/04/2021 07:40PM ET,MIN,3
C,Sam Huff (17398983),Sam Huff,17398983,C,2300,TEX@MIN 05/04/2021 07:40PM ET,TEX,0
2B,Eric Sogard (17398292),Eric Sogard,17398292,2B,2200,LAD@CHC 05/04/2021 07:40PM ET,CHC,2.89
C,Tony Wolters (17398467),Tony Wolters,17398467,C,2200,LAD@CHC 05/04/2021 07:40PM ET,CHC,2.22
OF,Matt Szczur (17398287),Matt Szczur,17398287,OF,2200,NYM@STL 05/04/2021 07:45PM ET,STL,0
OF,Odubel Herrera (17398427),Odubel Herrera,17398427,OF,2200,MIL@PHI 05/04/2021 07:05PM ET,PHI,1.25
OF,Travis Jankowski (17398517),Travis Jankowski,17398517,OF,2200,MIL@PHI 05/04/2021 07:05PM ET,PHI,0
OF,Billy McKinney (17398700),Billy McKinney,17398700,OF,2200,MIL@PHI 05/04/2021 07:05PM ET,MIL,4.30
2B/OF,Hernan Perez (17398404),Hernan Perez,17398404,2B/OF,2200,ATL@WAS 05/04/2021 07:05PM ET,WAS,0.9
OF,Derek Hill (17398786),Derek Hill,17398786,OF,2200,DET@BOS 05/04/2021 07:10PM ET,DET,0
OF,Daz Cameron (17398890),Daz Cameron,17398890,OF,2200,DET@BOS 05/04/2021 07:10PM ET,DET,0
C,Robinson Chirinos (17398222),Robinson Chirinos,17398222,C,2200,HOU@NYY 05/04/2021 07:05PM ET,NYY,0
OF,Jake Cave (17398562),Jake Cave,17398562,OF,2200,TEX@MIN 05/04/2021 07:40PM ET,MIN,3.54
OF,Rob Refsnyder (17398600),Rob Refsnyder,17398600,OF,2200,TEX@MIN 05/04/2021 07:40PM ET,MIN,0
3B/OF,Tzu-Wei Lin (17398669),Tzu-Wei Lin,17398669,3B/OF,2200,TEX@MIN 05/04/2021 07:40PM ET,MIN,0
C,Austin Romine (17398293),Austin Romine,17398293,C,2100,LAD@CHC 05/04/2021 07:40PM ET,CHC,1.5
OF,Luke Raley (17398984),Luke Raley,17398984,OF,2100,LAD@CHC 05/04/2021 07:40PM ET,LAD,3.43
C,Caleb Joseph (17398331),Caleb Joseph,17398331,C,2100,NYM@STL 05/04/2021 07:45PM ET,NYM,0
C,Tomas Nido (17398640),Tomas Nido,17398640,C,2100,NYM@STL 05/04/2021 07:45PM ET,NYM,2.71
2B/SS,Dee Strange-Gordon (17398320),Dee Strange-Gordon,17398320,2B/SS,2100,MIL@PHI 05/04/2021 07:05PM ET,MIL,0
C,Luke Maile (17398408),Luke Maile,17398408,C,2100,MIL@PHI 05/04/2021 07:05PM ET,MIL,3
OF,Derek Fisher (17398561),Derek Fisher,17398561,OF,2100,MIL@PHI 05/04/2021 07:05PM ET,MIL,0
OF,Tyrone Taylor (17398632),Tyrone Taylor,17398632,OF,2100,MIL@PHI 05/04/2021 07:05PM ET,MIL,4.94
OF,Mark Mathias (17398898),Mark Mathias,17398898,OF,2100,MIL@PHI 05/04/2021 07:05PM ET,MIL,0
OF,Cesar Puello (17398346),Cesar Puello,17398346,OF,2100,DET@BOS 05/04/2021 07:10PM ET,BOS,0
2B/3B,Robel Garcia (17398495),Robel Garcia,17398495,2B/3B,2100,HOU@NYY 05/04/2021 07:05PM ET,HOU,1.33
OF,Greg Allen (17398763),Greg Allen,17398763,OF,2100,HOU@NYY 05/04/2021 07:05PM ET,NYY,0
OF,Ronnie Dawson (17398867),Ronnie Dawson,17398867,OF,2100,HOU@NYY 05/04/2021 07:05PM ET,HOU,3
OF,Delino DeShields (17398463),Delino DeShields,17398463,OF,2100,TEX@MIN 05/04/2021 07:40PM ET,TEX,0
C,Jose Lobaton (17398228),Jose Lobaton,17398228,C,2000,LAD@CHC 05/04/2021 07:40PM ET,CHC,0
OF,Cameron Maybin (17398250),Cameron Maybin,17398250,OF,2000,LAD@CHC 05/04/2021 07:40PM ET,CHC,0
OF,Steven Souza Jr. (17398282),Steven Souza Jr.,17398282,OF,2000,LAD@CHC 05/04/2021 07:40PM ET,LAD,0
SS,Elliot Soto (17398301),Elliot Soto,17398301,SS,2000,LAD@CHC 05/04/2021 07:40PM ET,LAD,0
C,Tim Federowicz (17398334),Tim Federowicz,17398334,C,2000,LAD@CHC 05/04/2021 07:40PM ET,LAD,0
2B,Andy Burns (17398342),Andy Burns,17398342,2B,2000,LAD@CHC 05/04/2021 07:40PM ET,LAD,0
OF,Rafael Ortega (17398430),Rafael Ortega,17398430,OF,2000,LAD@CHC 05/04/2021 07:40PM ET,CHC,0
OF,Rangel Ravelo (17398475),Rangel Ravelo,17398475,OF,2000,LAD@CHC 05/04/2021 07:40PM ET,LAD,0
OF,Nick Martini (17398519),Nick Martini,17398519,OF,2000,LAD@CHC 05/04/2021 07:40PM ET,CHC,0
1B,Patrick Wisdom (17398625),Patrick Wisdom,17398625,1B,2000,LAD@CHC 05/04/2021 07:40PM ET,CHC,0
SS,Abiatal Avelino (17398626),Abiatal Avelino,17398626,SS,2000,LAD@CHC 05/04/2021 07:40PM ET,CHC,0
OF,Michael Hermosillo (17398730),Michael Hermosillo,17398730,OF,2000,LAD@CHC 05/04/2021 07:40PM ET,CHC,0
OF,Ian Miller (17398739),Ian Miller,17398739,OF,2000,LAD@CHC 05/04/2021 07:40PM ET,CHC,0
1B/3B,Edwin Rios (17398758),Edwin Rios,17398758,1B/3B,2000,LAD@CHC 05/04/2021 07:40PM ET,LAD,1.96
OF,DJ Peters (17398823),DJ Peters,17398823,OF,2000,LAD@CHC 05/04/2021 07:40PM ET,LAD,0
C,P.J. Higgins (17398906),P.J. Higgins,17398906,C,2000,LAD@CHC 05/04/2021 07:40PM ET,CHC,0
SS,Omar Estevez (17398942),Omar Estevez,17398942,SS,2000,LAD@CHC 05/04/2021 07:40PM ET,LAD,0
C,Miguel Amaya (17398953),Miguel Amaya,17398953,C,2000,LAD@CHC 05/04/2021 07:40PM ET,CHC,0
3B,Christopher Morel (17399025),Christopher Morel,17399025,3B,2000,LAD@CHC 05/04/2021 07:40PM ET,CHC,0
2B,Devin Mann (17399037),Devin Mann,17399037,2B,2000,LAD@CHC 05/04/2021 07:40PM ET,LAD,0
SS,Jacob Amaya (17399060),Jacob Amaya,17399060,SS,2000,LAD@CHC 05/04/2021 07:40PM ET,LAD,0
OF,Zach Reks (17399062),Zach Reks,17399062,OF,2000,LAD@CHC 05/04/2021 07:40PM ET,LAD,0
2B,Chase Strumpf (17399083),Chase Strumpf,17399083,2B,2000,LAD@CHC 05/04/2021 07:40PM ET,CHC,0
OF,Andy Pages (17399091),Andy Pages,17399091,OF,2000,LAD@CHC 05/04/2021 07:40PM ET,LAD,0
OF,Brennen Davis (17399101),Brennen Davis,17399101,OF,2000,LAD@CHC 05/04/2021 07:40PM ET,CHC,0
3B,Kody Hoese (17399114),Kody Hoese,17399114,3B,2000,LAD@CHC 05/04/2021 07:40PM ET,LAD,0
3B,Miguel Vargas (17399117),Miguel Vargas,17399117,3B,2000,LAD@CHC 05/04/2021 07:40PM ET,LAD,0
2B,Michael Busch (17399120),Michael Busch,17399120,2B,2000,LAD@CHC 05/04/2021 07:40PM ET,LAD,0
1B,Jose Martinez (17398275),Jose Martinez,17398275,1B,2000,NYM@STL 05/04/2021 07:45PM ET,NYM,0
SS,Wilfredo Tovar (17398412),Wilfredo Tovar,17398412,SS,2000,NYM@STL 05/04/2021 07:45PM ET,NYM,0
1B/3B,Brandon Drury (17398486),Brandon Drury,17398486,1B/3B,2000,NYM@STL 05/04/2021 07:45PM ET,NYM,0
OF,Kevin Pillar (17398520),Kevin Pillar,17398520,OF,2000,NYM@STL 05/04/2021 07:45PM ET,NYM,4.06
SS,Jose Rondon (17398537),Jose Rondon,17398537,SS,2000,NYM@STL 05/04/2021 07:45PM ET,STL,0
OF,Mallex Smith (17398567),Mallex Smith,17398567,OF,2000,NYM@STL 05/04/2021 07:45PM ET,NYM,0
1B/2B,Jake Hager (17398581),Jake Hager,17398581,1B/2B,2000,NYM@STL 05/04/2021 07:45PM ET,NYM,0
OF,Albert Almora Jr. (17398622),Albert Almora Jr.,17398622,OF,2000,NYM@STL 05/04/2021 07:45PM ET,NYM,0.54
C,Bruce Maxwell (17398628),Bruce Maxwell,17398628,C,2000,NYM@STL 05/04/2021 07:45PM ET,NYM,0
C,Tyler Heineman (17398639),Tyler Heineman,17398639,C,2000,NYM@STL 05/04/2021 07:45PM ET,STL,0
2B/SS,Max Moroff (17398642),Max Moroff,17398642,2B/SS,2000,NYM@STL 05/04/2021 07:45PM ET,STL,0
C,David Rodriguez (17398682),David Rodriguez,17398682,C,2000,NYM@STL 05/04/2021 07:45PM ET,NYM,0
OF,Justin Williams (17398707),Justin Williams,17398707,OF,2000,NYM@STL 05/04/2021 07:45PM ET,STL,3.89
OF,Johneshwy Fargas (17398723),Johneshwy Fargas,17398723,OF,2000,NYM@STL 05/04/2021 07:45PM ET,NYM,0
C,Deivy Grullon (17398750),Deivy Grullon,17398750,C,2000,NYM@STL 05/04/2021 07:45PM ET,NYM,0
C,Patrick Mazeika (17398757),Patrick Mazeika,17398757,C,2000,NYM@STL 05/04/2021 07:45PM ET,NYM,0
C,Ali Sanchez (17398774),Ali Sanchez,17398774,C,2000,NYM@STL 05/04/2021 07:45PM ET,STL,0
OF,Lane Thomas (17398803),Lane Thomas,17398803,OF,2000,NYM@STL 05/04/2021 07:45PM ET,STL,2
1B/OF,John Nogowski (17398824),John Nogowski,17398824,1B/OF,2000,NYM@STL 05/04/2021 07:45PM ET,STL,0.85
OF,Drew Ferguson (17398912),Drew Ferguson,17398912,OF,2000,NYM@STL 05/04/2021 07:45PM ET,NYM,0
1B,Luken Baker (17398923),Luken Baker,17398923,1B,2000,NYM@STL 05/04/2021 07:45PM ET,STL,0
OF,Scott Hurst (17398947),Scott Hurst,17398947,OF,2000,NYM@STL 05/04/2021 07:45PM ET,STL,0
SS,Delvin Perez (17398965),Delvin Perez,17398965,SS,2000,NYM@STL 05/04/2021 07:45PM ET,STL,0
OF,Khalil Lee (17398978),Khalil Lee,17398978,OF,2000,NYM@STL 05/04/2021 07:45PM ET,NYM,0
OF,Conner Capel (17398979),Conner Capel,17398979,OF,2000,NYM@STL 05/04/2021 07:45PM ET,STL,0
C,Ivan Herrera (17399028),Ivan Herrera,17399028,C,2000,NYM@STL 05/04/2021 07:45PM ET,STL,0
3B/SS,Mark Vientos (17399048),Mark Vientos,17399048,3B/SS,2000,NYM@STL 05/04/2021 07:45PM ET,NYM,0
1B,Evan Mendoza (17399056),Evan Mendoza,17399056,1B,2000,NYM@STL 05/04/2021 07:45PM ET,STL,0
3B,Nolan Gorman (17399095),Nolan Gorman,17399095,3B,2000,NYM@STL 05/04/2021 07:45PM ET,STL,0
SS,Ronny Mauricio (17399116),Ronny Mauricio,17399116,SS,2000,NYM@STL 05/04/2021 07:45PM ET,NYM,0
C,Francisco Alvarez (17399119),Francisco Alvarez,17399119,C,2000,NYM@STL 05/04/2021 07:45PM ET,NYM,0
3B,Brett Baty (17399124),Brett Baty,17399124,3B,2000,NYM@STL 05/04/2021 07:45PM ET,NYM,0
OF,Pete Crow-Armstrong (17399134),Pete Crow-Armstrong,17399134,OF,2000,NYM@STL 05/04/2021 07:45PM ET,NYM,0
2B,Greg Garcia (17398451),Greg Garcia,17398451,2B,2000,MIL@PHI 05/04/2021 07:05PM ET,PHI,0
2B/SS,Daniel Robertson (17398618),Daniel Robertson,17398618,2B/SS,2000,MIL@PHI 05/04/2021 07:05PM ET,MIL,1.56
OF,Dylan Cozens (17398630),Dylan Cozens,17398630,OF,2000,MIL@PHI 05/04/2021 07:05PM ET,MIL,0
3B,Zach Green (17398631),Zach Green,17398631,3B,2000,MIL@PHI 05/04/2021 07:05PM ET,MIL,0
OF,Tim Lopes (17398634),Tim Lopes,17398634,OF,2000,MIL@PHI 05/04/2021 07:05PM ET,MIL,0
3B/OF,Dustin Peterson (17398704),Dustin Peterson,17398704,3B/OF,2000,MIL@PHI 05/04/2021 07:05PM ET,MIL,0
OF,Corey Ray (17398734),Corey Ray,17398734,OF,2000,MIL@PHI 05/04/2021 07:05PM ET,MIL,4
C,Christian Kelley (17398907),Christian Kelley,17398907,C,2000,MIL@PHI 05/04/2021 07:05PM ET,MIL,0
C,Rodolfo Duran (17398929),Rodolfo Duran,17398929,C,2000,MIL@PHI 05/04/2021 07:05PM ET,PHI,0
OF,Adam Haseley (17398946),Adam Haseley,17398946,OF,2000,MIL@PHI 05/04/2021 07:05PM ET,PHI,2
C,Mario Feliciano (17398973),Mario Feliciano,17398973,C,2000,MIL@PHI 05/04/2021 07:05PM ET,MIL,4
C,Payton Henry (17398981),Payton Henry,17398981,C,2000,MIL@PHI 05/04/2021 07:05PM ET,MIL,0
OF,Tristen Lutz (17399045),Tristen Lutz,17399045,OF,2000,MIL@PHI 05/04/2021 07:05PM ET,MIL,0
OF,Garrett Mitchell (17399061),Garrett Mitchell,17399061,OF,2000,MIL@PHI 05/04/2021 07:05PM ET,MIL,0
SS,Bryson Stott (17399087),Bryson Stott,17399087,SS,2000,MIL@PHI 05/04/2021 07:05PM ET,PHI,0
SS,Freddy Zamora (17399090),Freddy Zamora,17399090,SS,2000,MIL@PHI 05/04/2021 07:05PM ET,MIL,0
SS,Brice Turang (17399097),Brice Turang,17399097,SS,2000,MIL@PHI 05/04/2021 07:05PM ET,MIL,0
OF,Micah Bello (17399102),Micah Bello,17399102,OF,2000,MIL@PHI 05/04/2021 07:05PM ET,MIL,0
C,Logan O'Hoppe (17399111),Logan O'Hoppe,17399111,C,2000,MIL@PHI 05/04/2021 07:05PM ET,PHI,0
OF,Hedbert Perez (17399133),Hedbert Perez,17399133,OF,2000,MIL@PHI 05/04/2021 07:05PM ET,MIL,0
1B/SS,Sean Kazmar Jr. (17398231),Sean Kazmar Jr.,17398231,1B/SS,2000,ATL@WAS 05/04/2021 07:05PM ET,ATL,0
3B,Brandon Snyder (17398243),Brandon Snyder,17398243,3B,2000,ATL@WAS 05/04/2021 07:05PM ET,WAS,0
OF,Gerardo Parra (17398269),Gerardo Parra,17398269,OF,2000,ATL@WAS 05/04/2021 07:05PM ET,WAS,0
OF,Abraham Almonte (17398304),Abraham Almonte,17398304,OF,2000,ATL@WAS 05/04/2021 07:05PM ET,ATL,0
2B/3B,Adrian Sanchez (17398414),Adrian Sanchez,17398414,2B/3B,2000,ATL@WAS 05/04/2021 07:05PM ET,WAS,0
C,Raudy Read (17398534),Raudy Read,17398534,C,2000,ATL@WAS 05/04/2021 07:05PM ET,WAS,0
C,Blake Swihart (17398553),Blake Swihart,17398553,C,2000,ATL@WAS 05/04/2021 07:05PM ET,WAS,0
OF,Carlos Tocci (17398668),Carlos Tocci,17398668,OF,2000,ATL@WAS 05/04/2021 07:05PM ET,WAS,0
OF,Travis Demeritte (17398702),Travis Demeritte,17398702,OF,2000,ATL@WAS 05/04/2021 07:05PM ET,ATL,0
C,Jakson Reetz (17398796),Jakson Reetz,17398796,C,2000,ATL@WAS 05/04/2021 07:05PM ET,WAS,0
C,Tres Barrera (17398848),Tres Barrera,17398848,C,2000,ATL@WAS 05/04/2021 07:05PM ET,WAS,0
3B,Jake Noll (17398883),Jake Noll,17398883,3B,2000,ATL@WAS 05/04/2021 07:05PM ET,WAS,0
C,Jonathan Morales (17398913),Jonathan Morales,17398913,C,2000,ATL@WAS 05/04/2021 07:05PM ET,ATL,0
OF,Trey Harris (17398944),Trey Harris,17398944,OF,2000,ATL@WAS 05/04/2021 07:05PM ET,ATL,0
3B,Carter Kieboom (17398966),Carter Kieboom,17398966,3B,2000,ATL@WAS 05/04/2021 07:05PM ET,WAS,1
C,Shea Langeliers (17398998),Shea Langeliers,17398998,C,2000,ATL@WAS 05/04/2021 07:05PM ET,ATL,0
3B,Drew Mendoza (17399000),Drew Mendoza,17399000,3B,2000,ATL@WAS 05/04/2021 07:05PM ET,WAS,0
SS,Yasel Antuna (17399015),Yasel Antuna,17399015,SS,2000,ATL@WAS 05/04/2021 07:05PM ET,WAS,0
2B/SS,Luis Garcia (17399016),Luis Garcia,17399016,2B/SS,2000,ATL@WAS 05/04/2021 07:05PM ET,WAS,1.17
OF,Drew Waters (17399046),Drew Waters,17399046,OF,2000,ATL@WAS 05/04/2021 07:05PM ET,ATL,0
C,Israel Pineda (17399075),Israel Pineda,17399075,C,2000,ATL@WAS 05/04/2021 07:05PM ET,WAS,0
SS,Braden Shewmake (17399081),Braden Shewmake,17399081,SS,2000,ATL@WAS 05/04/2021 07:05PM ET,ATL,0
OF,Cody Wilson (17399108),Cody Wilson,17399108,OF,2000,ATL@WAS 05/04/2021 07:05PM ET,WAS,0
C,Logan Brown (17399112),Logan Brown,17399112,C,2000,ATL@WAS 05/04/2021 07:05PM ET,ATL,0
OF,Michael Harris (17399129),Michael Harris,17399129,OF,2000,ATL@WAS 05/04/2021 07:05PM ET,ATL,0
1B,Bryce Ball (17399131),Bryce Ball,17399131,1B,2000,ATL@WAS 05/04/2021 07:05PM ET,ATL,0
C,Chris Herrmann (17398337),Chris Herrmann,17398337,C,2000,DET@BOS 05/04/2021 07:10PM ET,BOS,0
C,Jett Bandy (17398513),Jett Bandy,17398513,C,2000,DET@BOS 05/04/2021 07:10PM ET,BOS,0
C,Eric Haase (17398583),Eric Haase,17398583,C,2000,DET@BOS 05/04/2021 07:10PM ET,DET,0
OF,Jacob Robson (17398652),Jacob Robson,17398652,OF,2000,DET@BOS 05/04/2021 07:10PM ET,DET,0
OF,Michael Gettys (17398791),Michael Gettys,17398791,OF,2000,DET@BOS 05/04/2021 07:10PM ET,BOS,0
OF,Marcus Wilson (17398794),Marcus Wilson,17398794,OF,2000,DET@BOS 05/04/2021 07:10PM ET,BOS,0
1B,Josh Ockimey (17398813),Josh Ockimey,17398813,1B,2000,DET@BOS 05/04/2021 07:10PM ET,BOS,0
OF,Christin Stewart (17398849),Christin Stewart,17398849,OF,2000,DET@BOS 05/04/2021 07:10PM ET,DET,0
C,Connor Wong (17398872),Connor Wong,17398872,C,2000,DET@BOS 05/04/2021 07:10PM ET,BOS,0
C,Jake Rogers (17398884),Jake Rogers,17398884,C,2000,DET@BOS 05/04/2021 07:10PM ET,DET,0
2B,Kody Clemens (17398920),Kody Clemens,17398920,2B,2000,DET@BOS 05/04/2021 07:10PM ET,DET,0
C,Ronaldo Hernandez (17398935),Ronaldo Hernandez,17398935,C,2000,DET@BOS 05/04/2021 07:10PM ET,BOS,0
C,Brady Policelli (17398989),Brady Policelli,17398989,C,2000,DET@BOS 05/04/2021 07:10PM ET,DET,0
2B/3B,Isaac Paredes (17399006),Isaac Paredes,17399006,2B/3B,2000,DET@BOS 05/04/2021 07:10PM ET,DET,0
SS,Jeter Downs (17399044),Jeter Downs,17399044,SS,2000,DET@BOS 05/04/2021 07:10PM ET,BOS,0
OF,Jeisson Rosario (17399074),Jeisson Rosario,17399074,OF,2000,DET@BOS 05/04/2021 07:10PM ET,BOS,0
3B,Spencer Torkelson (17399089),Spencer Torkelson,17399089,3B,2000,DET@BOS 05/04/2021 07:10PM ET,DET,0
OF,Gilberto Jimenez (17399092),Gilberto Jimenez,17399092,OF,2000,DET@BOS 05/04/2021 07:10PM ET,BOS,0
3B,Triston Casas (17399096),Triston Casas,17399096,3B,2000,DET@BOS 05/04/2021 07:10PM ET,BOS,0
OF,Parker Meadows (17399099),Parker Meadows,17399099,OF,2000,DET@BOS 05/04/2021 07:10PM ET,DET,0
OF,Jarren Duran (17399106),Jarren Duran,17399106,OF,2000,DET@BOS 05/04/2021 07:10PM ET,BOS,0
OF,Riley Greene (17399123),Riley Greene,17399123,OF,2000,DET@BOS 05/04/2021 07:10PM ET,DET,0
C,Dillon Dingler (17399135),Dillon Dingler,17399135,C,2000,DET@BOS 05/04/2021 07:10PM ET,DET,0
2B,Nick Yorke (17399139),Nick Yorke,17399139,2B,2000,DET@BOS 05/04/2021 07:10PM ET,BOS,0
2B/3B,Derek Dietrich (17398295),Derek Dietrich,17398295,2B/3B,2000,HOU@NYY 05/04/2021 07:05PM ET,NYY,0
OF,Ryan LaMarre (17398443),Ryan LaMarre,17398443,OF,2000,HOU@NYY 05/04/2021 07:05PM ET,NYY,0
C,Rob Brantly (17398448),Rob Brantly,17398448,C,2000,HOU@NYY 05/04/2021 07:05PM ET,NYY,0
OF,Socrates Brito (17398512),Socrates Brito,17398512,OF,2000,HOU@NYY 05/04/2021 07:05PM ET,NYY,0
2B/SS,Andrew Velazquez (17398637),Andrew Velazquez,17398637,2B/SS,2000,HOU@NYY 05/04/2021 07:05PM ET,NYY,0
OF,Jose Siri (17398688),Jose Siri,17398688,OF,2000,HOU@NYY 05/04/2021 07:05PM ET,HOU,0
OF,Michael Beltre (17398689),Michael Beltre,17398689,OF,2000,HOU@NYY 05/04/2021 07:05PM ET,NYY,0
2B/SS,Tyler Wade (17398716),Tyler Wade,17398716,2B/SS,2000,HOU@NYY 05/04/2021 07:05PM ET,NYY,0.91
C,Garrett Stubbs (17398760),Garrett Stubbs,17398760,C,2000,HOU@NYY 05/04/2021 07:05PM ET,HOU,0
C,Michael Papierski (17398808),Michael Papierski,17398808,C,2000,HOU@NYY 05/04/2021 07:05PM ET,HOU,0
SS,Kyle Holder (17398847),Kyle Holder,17398847,SS,2000,HOU@NYY 05/04/2021 07:05PM ET,NYY,0
OF,Estevan Florial (17398887),Estevan Florial,17398887,OF,2000,HOU@NYY 05/04/2021 07:05PM ET,NYY,0
C,Max McDowell (17398910),Max McDowell,17398910,C,2000,HOU@NYY 05/04/2021 07:05PM ET,NYY,0
SS,Jeremy Pena (17398925),Jeremy Pena,17398925,SS,2000,HOU@NYY 05/04/2021 07:05PM ET,HOU,0
C,Colton Shaver (17398948),Colton Shaver,17398948,C,2000,HOU@NYY 05/04/2021 07:05PM ET,HOU,0
SS,Grae Kessinger (17398997),Grae Kessinger,17398997,SS,2000,HOU@NYY 05/04/2021 07:05PM ET,HOU,0
C,Josh Breaux (17399021),Josh Breaux,17399021,C,2000,HOU@NYY 05/04/2021 07:05PM ET,NYY,0
SS,Oswald Peraza (17399024),Oswald Peraza,17399024,SS,2000,HOU@NYY 05/04/2021 07:05PM ET,NYY,0
2B,Freudis Nova (17399058),Freudis Nova,17399058,2B,2000,HOU@NYY 05/04/2021 07:05PM ET,HOU,0
OF,Jake Meyers (17399059),Jake Meyers,17399059,OF,2000,HOU@NYY 05/04/2021 07:05PM ET,HOU,0
2B/SS,Ezequiel Duran (17399078),Ezequiel Duran,17399078,2B/SS,2000,HOU@NYY 05/04/2021 07:05PM ET,NYY,0
C,Anthony Seigler (17399098),Anthony Seigler,17399098,C,2000,HOU@NYY 05/04/2021 07:05PM ET,NYY,0
C,Austin Wells (17399115),Austin Wells,17399115,C,2000,HOU@NYY 05/04/2021 07:05PM ET,NYY,0
C,Korey Lee (17399127),Korey Lee,17399127,C,2000,HOU@NYY 05/04/2021 07:05PM ET,HOU,0
OF,Colin Barber (17399130),Colin Barber,17399130,OF,2000,HOU@NYY 05/04/2021 07:05PM ET,HOU,0
OF,Zach Daniels (17399132),Zach Daniels,17399132,OF,2000,HOU@NYY 05/04/2021 07:05PM ET,HOU,0
C,Drew Butera (17398246),Drew Butera,17398246,C,2000,TEX@MIN 05/04/2021 07:40PM ET,TEX,0
OF,Keon Broxton (17398343),Keon Broxton,17398343,OF,2000,TEX@MIN 05/04/2021 07:40PM ET,MIN,0
C,Tomas Telis (17398400),Tomas Telis,17398400,C,2000,TEX@MIN 05/04/2021 07:40PM ET,MIN,0
1B/C,John Hicks (17398449),John Hicks,17398449,C/1B,2000,TEX@MIN 05/04/2021 07:40PM ET,TEX,0
2B/3B,Drew Maggi (17398484),Drew Maggi,17398484,2B/3B,2000,TEX@MIN 05/04/2021 07:40PM ET,MIN,0
2B/SS,JT Riddle (17398501),JT Riddle,17398501,2B/SS,2000,TEX@MIN 05/04/2021 07:40PM ET,MIN,2
OF,Jason Martin (17398713),Jason Martin,17398713,OF,2000,TEX@MIN 05/04/2021 07:40PM ET,TEX,0
OF,Eli White (17398733),Eli White,17398733,OF,2000,TEX@MIN 05/04/2021 07:40PM ET,TEX,3.24
C,Caleb Hamilton (17398744),Caleb Hamilton,17398744,C,2000,TEX@MIN 05/04/2021 07:40PM ET,MIN,0
SS,Nick Gordon (17398783),Nick Gordon,17398783,SS,2000,TEX@MIN 05/04/2021 07:40PM ET,MIN,0
1B,Zander Wiel (17398839),Zander Wiel,17398839,1B,2000,TEX@MIN 05/04/2021 07:40PM ET,MIN,0
OF,Trevor Larnach (17398917),Trevor Larnach,17398917,OF,2000,TEX@MIN 05/04/2021 07:40PM ET,MIN,0
OF,Leody Taveras (17398939),Leody Taveras,17398939,OF,2000,TEX@MIN 05/04/2021 07:40PM ET,TEX,2.4
2B,Andy Ibanez (17398941),Andy Ibanez,17398941,2B,2000,TEX@MIN 05/04/2021 07:40PM ET,TEX,0
OF,Gilberto Celestino (17398943),Gilberto Celestino,17398943,OF,2000,TEX@MIN 05/04/2021 07:40PM ET,MIN,0
1B,Sherten Apostel (17398954),Sherten Apostel,17398954,1B,2000,TEX@MIN 05/04/2021 07:40PM ET,TEX,0
3B,Jose Miranda (17398971),Jose Miranda,17398971,3B,2000,TEX@MIN 05/04/2021 07:40PM ET,MIN,0
OF,Steele Walker (17399018),Steele Walker,17399018,OF,2000,TEX@MIN 05/04/2021 07:40PM ET,TEX,0
C,David Garcia (17399026),David Garcia,17399026,C,2000,TEX@MIN 05/04/2021 07:40PM ET,TEX,0
OF,Bubba Thompson (17399042),Bubba Thompson,17399042,OF,2000,TEX@MIN 05/04/2021 07:40PM ET,TEX,0
3B,Davis Wendzel (17399084),Davis Wendzel,17399084,3B,2000,TEX@MIN 05/04/2021 07:40PM ET,TEX,0
3B,Josh Jung (17399086),Josh Jung,17399086,3B,2000,TEX@MIN 05/04/2021 07:40PM ET,TEX,0
3B,Jonathan Ornelas (17399103),Jonathan Ornelas,17399103,3B,2000,TEX@MIN 05/04/2021 07:40PM ET,TEX,0
2B,Justin Foscue (17399137),Justin Foscue,17399137,2B,2000,TEX@MIN 05/04/2021 07:40PM ET,TEX,0
